task,t,phase,status,v,w,tf_age,cpuset,f_small,f_big,f_prime,cpu_behavior_server,cpu_bridge,cpu_bt_navigator,cpu_controller_server,cpu_dds_server,cpu_gateway,cpu_lifecycle_manager,cpu_map_server,cpu_nav_runtime,cpu_planner_server,cpu_platform,cpu_proot,cpu_robot_state_publisher,cpu_sim,cpu_velocity_smoother,wait_behavior_server,wait_bridge,wait_bt_navigator,wait_controller_server,wait_dds_server,wait_gateway,wait_lifecycle_manager,wait_map_server,wait_nav_runtime,wait_planner_server,wait_platform,wait_proot,wait_robot_state_publisher,wait_sim,wait_velocity_smoother
1,1.0,静止,NAVIGATING,0.0,0.0,0,/top-app,1017,2803,864,3.9,14.7,16.6,7.8,2.9,16.6,3.9,1.0,9.8,3.9,2.0,46.9,2.0,16.6,2.9,27.5,75.4,79.8,54.7,20.5,37.2,11.2,4.0,30.0,21.5,23.2,195.8,13.4,25.7,10.3
1,2.0,直行,NAVIGATING,0.48,0.0,0,/top-app,1017,2592,864,2.9,15.5,10.6,8.7,0.0,11.6,0.0,0.0,10.6,1.0,1.0,23.2,1.9,18.4,1.9,20.0,73.5,62.9,27.6,1.2,18.1,0.3,0.0,38.9,18.0,2.5,95.0,5.6,30.8,9.8
1,3.1,直行,NAVIGATING,0.6,0.0,0,/top-app,1017,2592,864,2.9,15.5,8.7,8.7,0.0,18.4,0.0,0.0,11.6,1.9,2.9,42.5,1.0,18.4,1.9,16.3,74.6,48.6,37.0,0.5,30.5,0.0,0.0,26.2,12.1,23.0,151.3,5.4,29.4,8.5
1,4.1,直行,NAVIGATING,0.6,0.0,0,/top-app,2016,2592,864,2.9,17.6,9.8,9.8,0.0,13.7,0.0,0.0,11.7,2.9,1.0,29.3,2.9,18.5,3.9,17.8,66.8,52.7,39.0,0.1,21.1,0.0,0.0,32.1,18.5,2.1,112.6,5.3,41.7,9.0
1,5.1,直行,NAVIGATING,0.6,0.0,0,/top-app,1344,2323,864,2.9,14.6,9.7,8.7,1.0,16.5,0.0,0.0,10.7,1.9,17.5,60.2,1.0,19.4,1.9,11.5,58.5,39.2,36.0,0.0,24.6,0.2,0.1,31.3,10.2,25.7,131.9,5.2,34.3,6.2
1,6.2,直行,NAVIGATING,0.6,0.0,0,/top-app,2016,2592,864,2.9,14.5,8.7,8.7,0.0,15.5,0.0,0.0,11.6,1.9,30.0,80.3,1.9,17.4,1.9,13.5,45.1,35.6,23.8,0.1,12.7,0.1,0.0,28.8,7.3,95.9,138.5,2.1,26.0,4.1
1,7.2,直行,NAVIGATING,0.6,0.01,0,/top-app,1017,2323,864,2.9,17.4,9.6,8.7,0.0,12.5,0.0,0.0,11.6,1.0,1.9,28.9,1.9,19.3,2.9,14.9,69.2,35.2,29.1,0.3,20.5,0.0,0.0,40.1,9.9,14.2,85.9,4.6,23.1,4.2
1,8.2,直行,NAVIGATING,0.58,0.0,0,/top-app,1228,2457,864,2.9,16.5,10.7,10.7,0.0,17.5,1.0,0.0,11.6,2.9,3.9,36.8,1.0,21.3,2.9,13.4,59.5,41.7,33.2,0.1,17.2,0.3,0.0,42.1,10.7,16.0,128.8,3.5,38.0,7.7
1,9.3,直行,NAVIGATING,0.28,0.0,0,/top-app,1017,2592,864,2.9,14.4,8.7,6.7,0.0,12.5,0.0,0.0,12.5,1.9,0.0,26.9,1.0,17.3,2.9,12.9,93.8,55.0,37.9,0.0,23.6,1.1,0.0,42.0,17.2,3.6,97.5,11.1,34.7,8.5
1,10.3,静止,NAVIGATING,0.0,0.0,0,/top-app,1017,2054,864,2.9,16.4,9.6,8.7,0.0,18.3,0.0,0.0,11.6,1.9,2.9,36.6,1.9,18.3,1.9,10.7,53.9,53.8,30.4,0.2,23.2,0.4,0.0,31.5,9.4,10.8,139.4,4.0,23.9,5.2
1,11.4,进站,NAVIGATING,0.2,0.0,0,/top-app,1017,2457,864,2.9,16.4,9.6,9.6,0.0,10.6,0.0,0.0,11.6,1.9,13.5,44.3,1.9,18.3,2.9,11.5,49.0,43.3,34.3,0.1,11.8,0.1,0.1,25.0,9.9,13.6,101.1,4.0,22.1,6.6
1,12.4,进站,NAVIGATING,0.2,0.0,0,/top-app,1017,2054,864,1.9,14.5,8.7,7.7,0.0,20.2,0.0,0.0,11.6,1.9,29.9,89.6,1.9,17.3,1.0,10.8,45.7,38.8,33.0,0.4,21.1,0.4,0.0,19.5,7.6,116.2,203.8,5.0,24.2,7.8
1,13.4,进站,NAVIGATING,0.07,0.0,0,/top-app,1017,2803,864,3.9,16.4,9.7,7.7,1.0,4.8,0.0,0.0,11.6,1.9,3.9,19.3,1.0,18.4,2.9,17.5,74.7,66.0,45.8,0.3,7.3,0.0,0.0,36.1,13.6,7.2,102.1,7.1,34.2,7.0
1,14.5,静止,NAVIGATING,0.01,0.0,0,/top-app,1344,2457,864,2.9,16.5,10.7,8.8,0.0,22.4,0.0,0.0,11.7,1.9,1.9,42.8,1.9,18.5,2.9,16.7,63.8,33.4,25.5,0.1,29.0,0.3,0.0,32.6,12.6,8.4,137.4,5.2,32.2,5.4
1,15.5,静止,NAVIGATING,0.0,0.0,0,/top-app,1017,2592,864,2.9,16.4,9.6,7.7,0.0,6.8,0.0,0.0,12.5,1.9,1.9,19.3,1.9,18.3,1.9,20.3,77.2,55.4,45.2,0.1,7.9,0.0,0.0,35.0,16.3,3.0,97.3,9.4,28.4,9.4
1,16.5,静止,ARRIVED,0.0,0.0,0,/top-app,1017,2188,864,2.9,16.4,9.7,11.6,0.0,23.2,0.0,0.0,10.6,2.9,2.9,49.2,1.9,18.3,2.9,15.0,67.0,0.0,0.0,0.0,31.6,0.3,0.1,33.5,12.6,25.2,152.2,7.3,24.5,8.0
2,1.0,静止,NAVIGATING,0.0,0.0,0,/top-app,1017,2188,864,3.8,16.3,9.6,7.7,1.0,7.7,0.0,0.0,11.5,1.9,7.7,23.1,1.0,18.3,1.9,15.7,70.6,50.2,36.9,0.1,3.2,0.6,0.1,26.5,14.8,10.7,93.1,4.5,25.7,9.3
2,2.1,转向,NAVIGATING,0.0,0.59,0,/top-app,1017,1920,864,2.9,14.5,8.7,7.7,0.0,20.2,1.0,0.0,11.6,1.9,33.7,96.4,1.9,17.3,2.9,7.8,44.1,32.6,28.2,0.2,19.3,0.1,0.0,14.3,6.7,114.4,200.4,2.8,13.0,3.6
2,3.1,转向,NAVIGATING,0.0,0.6,0,/top-app,1017,2054,864,1.9,16.5,10.7,8.7,0.0,7.8,0.0,1.0,11.6,1.9,8.7,29.1,1.9,19.4,1.9,15.3,64.5,55.3,39.8,0.1,2.6,0.1,0.0,29.4,11.7,38.2,100.2,7.8,25.3,6.4
2,4.1,转向,NAVIGATING,0.0,0.6,0,/top-app,1017,2803,864,2.9,15.4,9.6,7.7,0.0,22.2,0.0,0.0,11.6,1.9,2.9,44.3,1.9,18.3,2.9,16.2,76.3,46.4,40.3,0.0,40.6,0.3,0.0,28.1,10.4,25.8,151.5,4.7,29.2,6.3
2,5.2,转向,NAVIGATING,0.0,0.6,0,/top-app,1017,2803,864,3.9,16.5,11.6,8.7,0.0,7.8,0.0,0.0,11.6,1.9,1.0,18.4,1.0,20.4,1.9,17.9,78.0,78.4,43.8,0.3,22.2,0.1,0.0,25.9,15.8,2.5,122.6,6.6,69.1,7.5
2,6.2,转向,NAVIGATING,0.0,0.59,0,/top-app,1017,2803,3360,2.9,16.7,8.8,7.9,0.0,22.6,0.0,0.0,12.8,2.0,2.0,50.1,2.0,19.7,2.9,16.7,78.3,45.7,35.4,0.1,24.7,0.0,0.0,34.5,8.4,11.1,164.5,6.4,34.2,10.0
2,7.2,转向,NAVIGATING,0.0,0.13,0,/top-app,1017,2803,864,3.0,16.7,10.8,8.9,1.0,7.9,0.0,0.0,11.8,2.0,2.0,16.7,2.0,20.7,2.0,14.4,72.7,67.2,44.2,0.0,7.9,0.1,0.0,35.0,9.6,3.4,89.5,4.4,49.7,7.6
2,8.2,静止,NAVIGATING,0.0,0.02,0,/top-app,1344,2803,2841,3.0,14.8,8.9,7.9,0.0,18.7,0.0,0.0,9.8,3.0,30.5,83.6,2.0,17.7,3.0,10.5,46.5,33.1,27.7,0.1,18.4,0.0,0.0,20.8,9.2,113.4,215.2,2.6,21.5,8.8
2,9.2,静止,NAVIGATING,0.02,0.01,0,/top-app,1017,2803,864,2.9,14.7,10.8,7.9,0.0,7.9,0.0,0.0,10.8,2.0,10.8,35.4,1.0,19.7,2.9,16.0,76.9,58.3,40.4,1.1,5.7,0.3,0.0,34.5,14.2,54.8,121.2,5.8,43.6,8.3
2,10.2,直行,NAVIGATING,0.53,0.03,0,/top-app,1017,2803,864,2.9,16.7,9.8,9.8,0.0,24.6,0.0,0.0,11.8,1.0,3.9,45.2,2.0,19.7,2.0,10.8,56.4,30.3,29.1,0.0,28.7,0.4,0.0,20.3,9.3,28.8,167.9,3.3,28.5,5.9
2,11.3,直行,NAVIGATING,0.6,0.01,0,/top-app,1017,2592,864,2.9,16.5,9.7,10.7,0.0,7.8,1.0,0.0,11.6,1.9,1.9,19.4,1.9,18.4,2.9,16.9,66.1,49.5,48.9,0.1,3.2,0.0,0.0,26.8,15.8,2.9,86.8,4.6,24.9,8.8
2,12.3,直行,NAVIGATING,0.6,0.0,0,/top-app,1017,2592,864,3.9,15.7,9.8,8.8,0.0,23.6,0.0,0.0,12.8,2.0,2.0,47.2,1.0,17.7,2.0,15.3,76.7,40.6,37.5,0.1,41.5,0.5,0.1,29.7,11.4,20.8,147.6,6.9,25.0,9.7
2,13.3,直行,NAVIGATING,0.6,0.0,0,/top-app,1017,2054,864,1.9,17.3,10.6,10.6,0.0,6.7,0.0,0.0,13.5,2.9,1.0,20.2,1.9,20.2,2.9,21.1,75.5,55.5,46.4,0.0,4.7,0.0,0.0,33.6,15.0,1.1,90.2,5.5,38.0,8.1
2,14.4,直行,NAVIGATING,0.6,0.01,0,/top-app,1017,2592,864,3.9,14.5,8.7,9.6,0.0,21.2,1.0,0.0,10.6,1.9,28.9,85.8,1.9,19.3,2.9,14.2,44.4,43.4,35.2,0.3,18.6,0.2,0.3,17.2,11.2,102.9,221.0,7.0,19.8,6.4
2,15.4,直行,NAVIGATING,0.6,0.0,0,/top-app,1017,2592,864,2.0,16.6,10.7,9.8,0.0,7.8,0.0,0.0,12.7,2.0,14.6,38.0,1.0,19.5,2.0,10.1,59.6,41.2,33.1,0.2,5.2,0.1,0.0,21.8,12.4,57.7,101.1,6.2,12.9,6.2
2,16.4,直行,NAVIGATING,0.59,0.29,0,/top-app,1017,2707,864,3.0,13.8,8.9,8.9,0.0,21.7,0.0,0.0,10.8,1.0,3.0,46.3,2.0,17.7,2.0,16.8,70.2,52.4,34.1,0.0,32.0,0.1,0.0,27.5,11.4,21.0,150.9,5.1,30.6,9.1
2,17.4,直行,NAVIGATING,0.6,0.55,0,/top-app,1017,2457,864,2.9,17.4,9.7,9.7,0.0,7.7,0.0,0.0,11.6,2.9,1.0,17.4,1.0,18.4,2.9,16.4,72.9,53.6,45.6,0.4,12.1,0.2,0.0,28.8,9.0,2.4,97.6,5.1,32.3,7.9
2,18.5,直行,NAVIGATING,0.6,0.54,0,/top-app,1017,2457,864,3.9,15.5,9.7,9.7,0.0,23.2,0.0,0.0,12.6,1.9,3.9,45.5,1.9,19.4,2.9,15.0,59.1,42.1,27.9,0.2,32.2,0.4,0.1,29.0,10.8,18.5,136.0,7.0,31.8,5.7
2,19.5,直行,NAVIGATING,0.61,0.18,0,/top-app,1344,2592,864,2.9,16.3,10.6,9.6,1.0,11.5,0.0,0.0,13.5,1.9,1.0,26.9,1.0,20.2,2.9,14.3,65.3,60.5,47.4,0.1,8.1,0.2,0.1,26.9,12.6,0.5,81.1,5.8,28.0,6.4
2,20.5,直行,NAVIGATING,0.6,0.04,0,/top-app,1017,2707,864,2.9,13.6,8.7,8.7,0.0,15.5,0.0,0.0,10.7,1.9,27.2,80.6,1.9,15.5,1.9,9.8,39.8,37.8,34.4,0.0,20.7,0.0,0.0,18.5,9.6,64.8,155.0,3.5,12.4,3.9
2,21.6,直行,NAVIGATING,0.6,0.01,0,/top-app,2016,2592,864,2.9,16.5,9.7,8.8,0.0,13.6,1.0,0.0,10.7,1.9,16.5,47.7,1.9,17.5,2.9,16.4,61.5,33.3,39.3,0.4,22.5,0.4,0.0,15.1,10.6,58.9,116.4,5.2,22.3,6.1
2,22.6,直行,NAVIGATING,0.6,0.0,0,/top-app,1017,2054,864,1.9,14.5,9.7,9.7,0.0,16.5,0.0,0.0,10.7,1.9,1.9,34.9,1.0,19.4,1.0,13.2,62.2,50.3,43.1,0.3,26.1,0.3,0.0,25.1,16.0,17.0,128.3,5.8,27.3,10.2
2,23.6,直行,NAVIGATING,0.6,0.0,0,/top-app,1344,2803,864,3.9,16.5,9.7,8.7,0.0,12.6,0.0,0.0,11.6,2.9,1.9,31.0,1.9,18.4,2.9,17.5,66.6,46.3,35.1,0.1,29.6,0.6,0.0,24.3,11.5,16.9,156.6,5.4,35.1,6.5
2,24.7,直行,NAVIGATING,0.39,0.0,0,/top-app,1017,2323,864,1.9,14.5,10.6,7.7,0.0,14.5,0.0,0.0,10.6,1.0,1.9,29.9,1.0,18.3,2.9,17.5,79.9,42.0,39.0,0.0,24.3,0.1,0.1,19.1,11.9,1.6,104.6,4.4,37.3,5.5
2,25.7,静止,NAVIGATING,0.01,0.0,0,/top-app,1344,2457,864,2.9,16.4,8.7,8.7,0.0,15.5,1.0,0.0,11.6,1.9,1.9,31.9,1.9,20.3,2.9,14.7,81.9,57.7,52.5,0.4,33.6,0.2,0.0,30.4,12.1,8.6,155.2,4.7,44.2,6.6
2,26.7,进站,NAVIGATING,0.2,0.01,0,/top-app,1017,1785,864,2.9,15.4,9.6,11.5,1.0,15.4,0.0,0.0,11.5,1.9,26.9,70.1,1.9,17.3,1.9,14.4,61.4,49.6,32.9,0.2,21.8,0.1,0.0,19.8,8.5,50.4,145.9,5.4,21.1,4.7
2,27.8,进站,NAVIGATING,0.2,0.0,0,/top-app,1017,2188,864,2.9,15.5,10.7,7.8,0.0,18.4,0.0,0.0,10.7,1.9,27.2,78.6,1.9,19.4,1.9,11.9,58.7,49.5,41.0,0.0,25.3,0.2,0.0,25.6,7.2,85.1,165.7,3.1,18.9,5.6
2,28.8,进站,NAVIGATING,0.13,0.0,0,/top-app,1017,2188,864,2.9,15.5,9.7,7.7,0.0,10.6,0.0,0.0,11.6,2.9,1.0,27.0,1.0,18.4,2.9,13.9,67.9,60.7,35.3,0.8,24.2,0.1,0.0,26.2,11.0,1.5,90.5,4.0,25.9,8.1
2,29.9,进站,NAVIGATING,0.03,0.0,0,/top-app,1017,2054,864,2.9,16.3,9.6,8.7,0.0,21.2,0.0,0.0,11.5,1.0,1.9,40.4,1.9,19.2,1.9,16.1,61.1,49.2,34.9,0.1,33.1,0.3,0.0,26.8,12.2,24.4,148.0,5.0,28.9,8.2
2,30.9,静止,NAVIGATING,0.01,0.0,0,/top-app,1017,2054,864,3.9,16.5,10.7,8.7,0.0,10.7,1.0,0.0,11.7,2.9,1.9,28.2,1.9,19.4,2.9,23.7,69.8,50.2,40.2,0.1,15.4,0.0,0.0,32.6,13.2,4.3,99.1,6.4,39.8,10.6
2,31.9,静止,NAVIGATING,0.0,0.0,0,/top-app,1228,2188,864,1.9,15.5,8.7,7.7,0.0,21.3,0.0,0.0,10.6,1.9,1.9,40.6,1.9,17.4,1.9,14.3,56.7,34.8,28.9,0.5,26.4,0.2,0.0,21.8,9.0,15.1,109.0,5.2,22.2,6.1
2,32.9,静止,ARRIVED,0.0,0.0,0,/top-app,1017,2457,864,2.9,11.6,5.8,7.8,0.0,7.8,0.0,0.0,9.7,1.9,19.4,38.8,1.9,17.5,1.9,15.1,56.1,0.0,0.0,0.3,5.3,0.2,0.0,22.7,14.4,32.2,107.1,4.7,24.8,3.1
3,1.0,静止,NAVIGATING,0.0,0.0,0,/top-app,1017,2457,864,2.9,15.4,9.6,8.7,0.0,19.3,0.0,0.0,12.5,1.9,28.9,84.9,1.0,18.3,2.9,11.4,43.4,38.5,34.1,0.0,21.1,0.3,0.0,28.6,9.0,89.3,176.9,3.7,16.1,7.0
3,2.1,转向,NAVIGATING,0.0,0.59,0,/top-app,1017,1920,864,2.9,16.4,10.6,8.7,0.0,7.7,0.0,0.0,11.6,1.0,1.9,19.3,1.9,19.3,1.9,29.8,78.7,60.0,51.9,0.2,7.5,0.2,0.0,42.5,9.8,2.1,99.2,5.5,31.7,7.6
3,3.1,转向,NAVIGATING,0.0,0.6,0,/top-app,1017,1920,864,1.9,14.4,9.6,6.7,1.0,15.4,0.0,0.0,9.6,1.9,3.8,35.6,1.0,15.4,2.9,13.2,75.1,38.8,38.2,0.1,27.3,0.2,0.0,44.4,11.2,29.4,131.4,4.5,29.8,5.7
3,4.1,转向,NAVIGATING,0.0,0.6,0,/top-app,1017,2323,864,3.9,16.5,9.7,7.8,0.0,7.8,0.0,0.0,11.7,1.9,1.0,20.4,1.9,19.5,1.9,17.5,105.4,53.2,36.7,0.0,11.0,0.1,0.0,38.6,10.7,1.0,105.5,8.0,36.8,7.7
3,5.2,转向,NAVIGATING,0.0,0.6,0,/top-app,1344,1920,864,2.9,15.4,9.7,7.7,0.0,21.2,0.0,0.0,11.6,2.9,2.9,45.4,1.0,18.3,2.9,12.7,49.8,44.6,32.8,0.3,30.9,0.2,0.0,26.5,7.1,27.5,141.2,3.9,39.2,8.7
3,6.2,转向,NAVIGATING,0.0,0.6,0,/top-app,1228,2803,864,2.9,16.7,9.8,7.8,1.0,5.9,0.0,0.0,11.8,2.0,13.7,30.4,2.0,17.6,2.0,17.0,62.6,62.9,26.0,0.3,3.9,0.1,0.0,39.2,8.8,28.9,116.4,4.1,45.1,7.6
3,7.2,转向,NAVIGATING,0.0,0.13,0,/top-app,1017,2803,2956,3.0,14.8,9.8,7.9,0.0,20.7,0.0,0.0,9.8,2.0,34.4,87.5,1.0,17.7,3.0,11.6,50.5,52.1,30.3,0.0,25.2,0.6,0.0,23.1,8.4,144.8,222.0,3.4,22.2,5.6
3,8.2,静止,NAVIGATING,0.0,0.02,0,/top-app,1017,2803,3187,2.9,15.7,9.8,8.8,0.0,5.9,1.0,0.0,11.8,2.0,2.9,19.6,2.0,18.6,2.9,11.7,64.9,62.8,45.6,0.0,5.3,0.1,0.0,36.2,6.2,10.4,74.5,4.1,23.2,7.1
3,9.2,静止,NAVIGATING,0.0,0.0,0,/top-app,1017,2803,864,3.0,17.7,9.8,7.9,0.0,23.6,0.0,0.0,10.8,2.0,2.0,47.2,2.0,17.7,1.0,12.4,68.2,44.1,28.2,0.4,35.3,0.4,0.5,33.4,12.7,5.5,156.0,6.3,22.9,7.3
3,10.2,直行,NAVIGATING,0.53,0.03,0,/top-app,1017,2803,3360,2.9,16.7,10.8,10.8,0.0,7.9,0.0,0.0,12.8,2.0,2.0,20.6,2.0,18.7,2.9,21.4,86.2,49.0,39.6,0.1,5.9,0.3,0.1,35.3,12.0,2.8,79.9,6.6,25.5,9.1
3,11.3,直行,NAVIGATING,0.6,0.0,0,/top-app,1017,2803,864,2.9,15.6,9.8,8.8,0.0,21.5,0.0,0.0,10.7,2.0,2.9,40.0,1.0,19.5,2.9,14.1,55.4,38.1,40.8,0.9,30.4,0.7,0.0,19.1,10.7,18.4,170.9,6.6,23.5,6.6
3,12.3,直行,NAVIGATING,0.6,0.0,0,/top-app,1017,2803,864,3.9,17.7,10.8,10.8,0.0,6.9,0.0,0.0,12.8,2.0,3.9,23.6,3.0,18.7,3.0,12.4,81.4,39.4,37.5,0.4,3.6,0.4,0.1,32.6,10.4,6.1,98.0,9.9,22.1,11.2
3,13.3,直行,NAVIGATING,0.6,0.01,0,/top-app,1017,2803,864,1.0,13.7,8.8,8.8,0.0,19.6,0.0,0.0,10.8,2.0,34.4,92.3,1.0,16.7,2.0,8.7,33.7,25.4,24.5,0.0,18.1,0.2,0.0,14.4,5.6,93.2,186.0,2.3,10.0,5.3
3,14.3,直行,NAVIGATING,0.6,0.01,0,/top-app,1017,2592,864,4.8,17.3,9.6,9.6,0.0,7.7,0.0,0.0,12.5,1.9,8.7,29.9,1.9,18.3,2.9,13.6,57.2,49.0,30.7,0.6,3.8,0.5,0.3,25.2,9.2,45.5,98.8,7.3,23.1,8.4
3,15.4,直行,NAVIGATING,0.6,0.0,0,/top-app,1017,2803,864,3.0,15.7,10.8,9.8,0.0,24.6,0.0,0.0,10.8,2.0,4.9,53.1,2.0,19.7,3.0,13.4,61.9,41.3,38.5,0.0,37.6,0.2,0.1,24.3,12.7,22.3,139.6,5.3,23.2,9.3
3,16.4,直行,NAVIGATING,0.58,0.3,0,/top-app,1017,2457,864,1.9,16.3,9.6,10.6,0.0,7.7,0.0,0.0,12.5,2.9,1.0,15.4,1.0,18.2,1.9,16.7,67.6,53.9,50.6,0.0,3.8,0.0,0.0,29.4,13.7,1.6,92.6,7.0,25.7,9.0
3,17.4,直行,NAVIGATING,0.6,0.55,0,/top-app,1017,1785,864,3.8,15.4,8.7,7.7,1.0,22.1,1.0,0.0,10.6,1.0,1.9,44.2,1.0,17.3,1.9,14.7,70.5,51.9,42.1,0.5,39.1,0.4,0.0,32.0,12.1,11.6,137.7,4.4,30.9,10.3
3,18.5,直行,NAVIGATING,0.6,0.54,0,/top-app,1017,2323,864,2.9,17.5,11.7,11.7,0.0,7.8,0.0,0.0,13.6,1.9,1.0,20.4,1.9,20.4,2.9,16.2,85.7,55.0,61.6,0.2,6.7,0.1,0.0,35.0,10.4,2.8,96.4,6.5,39.4,8.1
3,19.5,直行,NAVIGATING,0.61,0.17,0,/top-app,1017,2457,864,1.9,13.5,8.7,8.7,0.0,20.3,0.0,0.0,11.6,2.9,33.8,90.8,1.9,16.4,2.9,14.2,42.9,25.9,22.6,0.5,22.1,0.1,0.1,17.2,9.4,96.9,205.9,4.8,18.5,4.6
3,20.5,直行,NAVIGATING,0.6,0.04,0,/top-app,1344,2592,864,3.9,16.5,9.7,9.7,0.0,10.7,0.0,0.0,12.6,1.0,11.7,33.0,1.9,20.4,2.9,11.7,57.7,56.9,36.0,0.1,10.3,0.2,0.0,39.8,12.6,38.6,136.0,5.8,46.4,5.3
3,21.6,直行,NAVIGATING,0.6,0.01,0,/top-app,1017,2592,864,2.9,16.4,10.6,9.7,0.0,20.3,0.0,0.0,10.6,2.9,2.9,40.6,1.0,19.3,1.9,8.9,42.6,31.6,25.2,0.3,21.6,0.2,0.2,18.3,8.7,28.1,146.4,3.1,17.3,8.2
3,22.6,直行,NAVIGATING,0.6,0.01,0,/top-app,1785,2457,3360,1.9,17.4,10.6,9.6,0.0,12.5,0.0,0.0,11.6,1.9,1.0,28.9,2.9,18.3,2.9,17.1,95.3,63.4,45.2,0.5,15.9,0.5,0.0,29.8,12.2,9.0,117.7,6.3,39.3,8.4
3,23.6,直行,NAVIGATING,0.6,0.0,0,/top-app,1017,2592,864,3.9,14.6,8.8,8.8,0.0,15.6,0.0,0.0,10.7,1.9,3.9,34.1,1.0,17.5,1.9,10.4,73.7,31.7,44.3,0.1,26.9,0.1,0.0,34.7,6.6,20.4,145.2,3.7,34.5,7.7
3,24.7,直行,NAVIGATING,0.4,0.0,0,/top-app,2016,2323,864,2.9,16.5,11.7,8.8,0.0,13.6,0.0,0.0,12.7,1.9,1.0,30.2,1.9,19.5,1.9,15.4,61.1,54.0,37.9,0.4,18.2,0.4,0.1,35.3,9.4,14.4,133.5,4.6,32.4,7.5
3,25.7,静止,NAVIGATING,0.01,0.0,0,/top-app,2016,2592,864,2.9,15.4,8.7,7.7,1.0,16.4,1.0,0.0,10.6,1.9,31.8,78.1,1.9,19.3,2.9,10.6,50.1,32.9,29.3,0.4,12.7,0.1,0.0,14.0,9.1,41.2,145.5,3.5,23.1,4.7
3,26.7,进站,NAVIGATING,0.19,0.0,0,/top-app,1344,2457,864,2.9,14.4,8.7,9.6,0.0,13.5,0.0,1.0,10.6,1.9,18.3,49.1,1.0,17.3,1.9,9.1,54.7,38.6,25.1,0.1,30.1,0.1,0.0,25.5,7.3,58.2,166.5,4.4,26.7,4.1
3,27.8,进站,NAVIGATING,0.2,0.0,0,/top-app,1017,2592,864,1.9,15.5,9.7,8.7,0.0,15.5,0.0,0.0,10.7,1.9,1.0,34.9,1.0,17.4,2.9,18.5,84.6,45.7,41.5,0.1,23.2,0.1,0.0,30.6,15.5,2.4,130.9,7.3,40.9,11.4
3,28.8,进站,NAVIGATING,0.13,0.0,0,/top-app,1017,2457,864,2.9,16.5,10.7,7.8,0.0,17.5,0.0,0.0,12.6,1.9,1.9,34.0,1.9,19.5,2.9,11.8,63.9,55.2,28.2,0.2,30.0,0.4,0.0,27.6,9.9,8.8,119.3,5.4,37.2,6.6
3,29.8,进站,NAVIGATING,0.02,0.0,0,/top-app,1017,2457,864,2.9,17.4,10.6,8.7,0.0,11.6,0.0,0.0,11.6,1.9,1.9,29.9,1.9,18.3,1.9,14.8,54.3,47.0,37.9,0.1,14.7,0.0,0.0,32.4,15.9,1.6,91.3,6.3,32.9,10.0
3,30.9,静止,NAVIGATING,0.01,0.0,0,/top-app,1017,2188,864,3.9,16.4,9.7,8.7,0.0,19.3,0.0,0.0,11.6,2.9,2.9,38.6,1.0,17.4,2.9,11.7,62.5,47.7,41.0,0.0,18.9,0.3,0.0,36.9,10.7,14.3,128.0,5.6,28.3,4.9
3,31.9,静止,NAVIGATING,0.0,0.0,0,/top-app,1228,2188,864,1.9,14.6,9.7,6.8,0.0,11.7,0.0,0.0,10.7,1.0,29.2,66.1,2.9,17.5,2.9,10.4,46.8,42.3,24.4,0.4,13.1,0.5,0.1,21.0,10.5,37.0,145.4,4.9,16.4,3.6
3,32.9,静止,ARRIVED,0.0,0.0,0,/top-app,1017,2592,864,2.9,12.6,5.8,8.7,0.0,20.3,0.0,0.0,9.7,1.9,19.3,70.5,1.0,16.4,1.0,11.0,42.0,0.0,0.0,0.1,27.3,0.3,0.0,17.4,11.9,72.4,160.2,5.4,20.9,1.7
4,1.0,静止,NAVIGATING,0.0,0.0,0,/top-app,1017,2457,864,3.9,14.6,10.7,7.8,0.0,9.7,1.0,0.0,10.7,2.9,2.9,22.3,1.0,17.5,2.9,16.3,60.4,58.7,52.0,0.2,12.6,0.2,0.1,25.2,15.1,2.8,102.1,6.3,30.0,5.3
4,2.0,转向,NAVIGATING,0.0,0.59,0,/top-app,1017,2592,864,2.9,17.4,9.7,8.7,1.0,22.2,0.0,0.0,11.6,1.9,2.9,45.4,1.9,18.4,1.9,16.9,66.4,46.5,36.8,0.5,25.2,0.7,0.4,19.0,9.2,20.2,160.0,5.3,20.4,3.6
4,3.1,转向,NAVIGATING,0.0,0.6,0,/top-app,1017,2457,864,2.9,16.5,10.7,7.8,0.0,7.8,0.0,0.0,11.6,1.9,1.0,20.4,2.9,18.4,2.9,19.5,81.2,55.8,60.5,0.0,12.8,0.0,0.0,43.7,12.8,1.0,99.0,7.2,40.0,6.1
4,4.1,转向,NAVIGATING,0.0,0.6,0,/top-app,1017,2803,864,2.9,16.4,10.6,8.7,0.0,24.1,1.9,0.0,11.6,1.9,2.9,47.3,1.0,19.3,2.9,9.1,60.1,46.1,27.6,0.0,27.8,0.1,0.0,27.0,7.9,20.1,161.7,4.9,30.1,5.3
4,5.1,转向,NAVIGATING,0.0,0.6,0,/top-app,1017,2188,864,1.9,15.4,9.6,7.7,0.0,8.7,0.0,0.0,11.6,1.9,25.1,50.1,1.9,18.3,1.9,14.2,69.6,49.1,37.0,1.6,5.6,0.6,0.2,21.9,16.3,41.7,121.9,5.4,47.2,5.4
4,6.2,转向,NAVIGATING,0.0,0.6,0,/top-app,1017,2188,864,3.8,15.4,9.6,7.7,0.0,21.2,0.0,0.0,11.5,1.9,23.1,79.8,1.9,18.3,2.9,13.1,53.8,46.1,28.3,0.0,24.8,0.1,0.0,27.0,10.5,117.0,167.5,4.9,20.6,3.9
4,7.2,转向,NAVIGATING,0.0,0.12,0,/top-app,1017,2803,864,2.9,15.5,9.7,7.8,0.0,6.8,0.0,0.0,11.6,1.9,1.0,16.5,1.0,18.4,1.9,17.5,50.7,45.2,34.7,0.1,3.0,0.1,0.1,20.0,12.8,1.9,72.7,4.1,18.5,5.0
4,8.2,静止,NAVIGATING,0.0,0.02,0,/top-app,1228,2803,864,2.9,15.7,9.8,7.8,0.0,24.5,0.0,0.0,10.8,2.0,2.9,49.1,2.0,17.7,2.0,12.2,74.7,40.1,32.9,1.2,32.3,0.3,0.2,28.1,9.3,25.6,172.3,5.9,20.7,5.7
4,9.3,静止,NAVIGATING,0.02,0.02,0,/top-app,1344,2803,864,3.0,15.7,10.8,8.9,0.0,7.9,0.0,0.0,12.8,3.0,1.0,18.7,2.0,20.7,3.0,18.6,63.6,49.2,33.4,0.3,4.4,0.1,0.0,36.1,10.1,2.1,84.7,4.7,25.6,8.0
4,10.3,直行,NAVIGATING,0.53,0.02,0,/top-app,1017,2803,864,3.0,17.7,9.8,8.9,0.0,24.6,0.0,0.0,9.8,1.0,3.0,42.3,1.0,16.7,3.0,12.4,68.1,42.1,33.4,0.0,33.8,0.2,0.0,24.2,10.8,16.2,142.6,5.2,30.6,4.5
4,11.3,直行,NAVIGATING,0.6,0.01,0,/top-app,1113,2803,3187,2.0,15.7,10.8,9.8,1.0,6.9,0.0,0.0,10.8,2.0,16.7,46.2,2.0,19.7,2.0,16.8,80.5,54.9,46.2,3.8,4.5,0.4,0.1,35.0,10.4,40.6,111.3,5.9,36.6,5.0
4,12.3,直行,NAVIGATING,0.6,0.0,0,/top-app,1017,2803,864,2.9,14.7,7.9,9.8,0.0,19.7,1.0,0.0,10.8,2.9,34.4,83.6,1.0,18.7,2.0,10.7,46.8,33.3,29.6,0.2,14.2,0.1,0.3,20.1,8.9,107.4,188.2,4.2,18.0,5.3
4,13.3,直行,NAVIGATING,0.6,0.0,0,/top-app,1017,2803,864,3.9,16.7,10.8,9.8,0.0,7.9,0.0,0.0,11.8,1.0,1.0,18.7,2.0,19.6,2.9,14.6,94.1,77.9,53.1,0.0,5.6,0.0,0.3,37.4,16.7,1.7,91.1,6.1,22.7,12.1
4,14.3,直行,NAVIGATING,0.6,0.0,0,/top-app,1017,2803,864,2.0,15.7,9.8,8.9,0.0,24.6,0.0,0.0,10.8,3.0,3.0,47.2,2.0,18.7,2.0,16.8,101.9,58.3,48.3,2.0,47.9,0.4,0.2,27.4,16.6,13.8,188.6,6.9,37.9,10.2
4,15.4,直行,NAVIGATING,0.6,0.0,0,/top-app,1017,2457,864,2.9,16.4,9.6,9.6,0.0,7.7,0.0,0.0,11.5,1.9,0.0,16.4,1.0,18.3,2.9,16.1,73.6,47.9,28.3,0.1,6.9,0.3,0.1,22.0,10.8,0.5,75.3,4.6,27.9,4.5
4,16.4,直行,NAVIGATING,0.59,0.29,0,/top-app,1017,2457,864,2.9,16.4,9.6,9.6,0.0,23.1,0.0,0.0,11.5,1.9,3.8,47.1,2.9,17.3,2.9,18.0,74.9,48.0,32.2,0.0,43.3,0.1,0.0,29.1,9.2,19.2,125.1,5.0,27.7,12.3
4,17.5,直行,NAVIGATING,0.6,0.57,0,/top-app,1017,2188,864,3.9,16.4,11.6,10.6,1.0,7.7,0.0,0.0,13.5,1.9,9.7,29.0,1.0,19.3,2.9,17.6,64.2,55.2,41.2,0.4,4.1,0.1,0.0,34.1,11.3,10.0,100.6,8.6,27.7,7.8
4,18.5,直行,NAVIGATING,0.6,0.54,0,/top-app,1017,2592,864,1.9,15.4,8.7,7.7,0.0,21.2,0.0,0.0,11.6,1.9,29.9,89.8,1.9,17.4,1.0,11.0,47.4,33.4,28.4,0.0,19.8,0.3,0.0,17.7,7.8,107.9,186.9,4.4,18.7,4.2
4,19.5,直行,NAVIGATING,0.61,0.18,0,/top-app,1017,2323,864,3.8,16.3,10.6,10.6,0.0,8.7,0.0,0.0,12.5,2.9,1.0,21.1,1.9,20.2,2.9,18.8,82.0,68.0,48.5,1.3,22.7,0.7,0.8,35.1,14.7,2.0,118.9,6.1,37.6,8.0
4,20.6,直行,NAVIGATING,0.6,0.05,0,/top-app,1017,2188,864,2.9,15.4,9.6,9.6,0.0,21.2,0.0,0.0,12.5,1.0,1.9,47.1,1.0,18.3,3.8,14.5,65.5,41.1,41.9,0.1,35.1,0.1,0.0,30.9,8.8,15.0,126.2,6.2,29.6,8.6
4,21.6,直行,NAVIGATING,0.6,0.01,0,/top-app,1017,2457,864,1.9,15.5,8.7,9.7,0.0,10.6,0.0,0.0,10.6,1.9,1.9,16.4,1.9,18.4,2.9,18.5,85.7,44.0,48.7,0.1,17.4,0.1,0.1,36.8,12.0,4.1,92.2,6.5,39.2,7.6
4,22.6,直行,NAVIGATING,0.6,0.01,0,/top-app,1017,2188,864,2.9,14.5,9.7,7.7,0.0,18.3,0.0,0.0,10.6,2.9,2.9,43.5,1.9,17.4,1.0,16.2,64.1,56.8,31.3,1.0,26.7,0.3,0.0,26.2,18.8,36.4,128.9,6.5,23.2,5.4
4,23.7,直行,NAVIGATING,0.6,0.0,0,/top-app,2016,2592,864,2.9,15.6,9.7,8.8,0.0,12.7,1.0,0.0,10.7,1.9,10.7,35.1,1.0,17.5,2.9,20.5,78.7,38.0,49.8,0.0,13.1,0.0,0.0,30.0,11.4,44.1,142.6,5.0,19.9,5.1
4,24.7,直行,NAVIGATING,0.39,0.0,0,/top-app,1017,2188,864,3.9,14.5,7.7,7.7,0.0,16.4,0.0,0.0,11.6,1.9,32.8,84.9,1.9,17.4,1.9,12.9,52.7,35.1,35.1,0.4,14.7,0.1,0.0,21.2,11.3,93.9,183.9,4.5,10.5,3.6
4,25.7,静止,NAVIGATING,0.01,0.0,0,/top-app,1670,2457,864,1.9,17.5,10.7,8.7,1.0,12.6,0.0,0.0,11.6,1.0,4.8,26.2,1.0,19.4,2.9,12.8,67.5,39.3,32.5,0.5,16.9,0.3,0.1,22.9,9.6,25.1,149.0,6.2,45.1,5.8
4,26.8,进站,NAVIGATING,0.2,0.01,0,/top-app,1017,2188,864,2.9,15.4,10.6,10.6,0.0,17.4,1.0,0.0,11.6,2.9,0.0,36.7,2.9,18.3,2.9,11.9,61.6,37.0,43.5,0.0,19.4,0.1,0.0,26.9,9.8,2.9,91.4,5.8,26.1,5.4
4,27.8,进站,NAVIGATING,0.2,0.0,0,/top-app,1017,2054,864,2.9,16.4,9.7,8.7,0.0,15.4,0.0,0.0,11.6,1.9,2.9,32.8,1.0,19.3,1.9,18.8,67.3,50.1,37.1,0.0,15.7,0.4,0.1,27.9,14.2,15.8,139.3,7.7,29.0,7.7
4,28.8,进站,NAVIGATING,0.11,0.0,0,/top-app,1017,2457,864,2.9,11.6,7.7,6.8,0.0,13.5,0.0,0.0,9.6,1.9,1.0,28.0,1.0,13.5,2.9,16.1,71.9,44.3,40.4,0.1,27.4,0.0,0.1,27.8,11.4,1.7,89.3,5.6,22.1,7.1
4,29.9,进站,NAVIGATING,0.02,0.0,0,/top-app,2016,2592,864,2.9,17.4,10.6,7.7,0.0,18.3,0.0,0.0,10.6,1.0,12.5,47.3,2.9,17.4,1.9,14.6,68.8,45.1,28.6,0.4,22.0,0.4,0.0,28.8,12.9,49.7,153.0,7.2,22.4,7.0
4,30.9,静止,NAVIGATING,0.01,0.0,0,/top-app,1113,2323,864,2.9,13.5,8.7,6.7,0.0,8.7,0.0,0.0,9.6,1.9,33.7,77.0,1.0,17.3,2.9,15.7,64.3,39.2,33.4,0.2,4.1,0.1,0.0,21.7,8.7,85.9,132.0,4.3,18.2,5.7
4,32.0,静止,NAVIGATING,0.0,0.0,0,/top-app,1017,2707,864,1.9,16.4,9.7,7.7,0.0,19.3,0.0,0.0,12.6,1.9,5.8,39.7,1.0,18.4,1.9,17.1,78.0,51.2,41.1,0.6,41.2,0.3,0.1,32.4,16.7,24.8,134.7,5.5,32.1,10.8
4,33.0,静止,ARRIVED,0.0,0.0,0,/top-app,1017,2592,864,2.9,12.5,4.8,8.7,1.0,10.6,0.0,0.0,10.6,2.9,1.0,22.2,1.9,17.3,1.9,17.9,70.7,0.0,0.0,0.5,15.1,0.0,0.0,17.6,15.9,1.5,79.9,8.1,30.7,2.4
5,1.0,静止,NAVIGATING,0.0,0.0,0,/top-app,1017,2592,864,3.9,16.6,10.7,7.8,0.0,22.4,0.0,0.0,11.7,2.0,3.9,44.9,2.0,19.5,2.0,17.5,100.8,94.5,49.2,0.2,32.4,0.2,0.1,35.8,17.4,28.0,162.7,6.2,31.3,11.0
5,2.0,转向,NAVIGATING,0.0,0.59,0,/top-app,1017,2457,864,2.9,16.4,9.6,7.7,0.0,9.6,0.0,0.0,11.6,1.9,1.0,22.2,1.0,19.3,2.9,14.0,109.8,111.8,50.8,0.7,10.2,0.1,0.1,40.2,18.1,1.3,114.2,4.6,36.9,4.9
5,3.1,转向,NAVIGATING,0.0,0.6,0,/top-app,1017,2592,864,2.9,14.6,9.7,7.8,0.0,22.3,0.0,0.0,9.7,1.9,7.8,47.6,1.9,17.5,2.9,12.0,71.4,71.3,36.2,0.2,41.6,0.3,0.0,25.9,10.3,30.0,148.9,5.8,31.4,6.5
5,4.1,转向,NAVIGATING,0.0,0.59,0,/top-app,1113,2188,864,1.9,14.5,8.7,7.7,0.0,7.7,0.0,0.0,12.6,2.9,31.9,75.3,1.0,17.4,1.9,11.7,54.0,58.1,32.0,0.2,2.1,0.1,0.0,16.8,9.5,72.0,131.8,4.8,18.2,5.2
5,5.1,转向,NAVIGATING,0.0,0.6,0,/top-app,1017,2592,864,3.9,15.6,8.8,7.8,0.0,22.4,0.0,0.0,11.7,1.0,6.8,50.6,2.9,19.5,2.9,16.2,101.5,65.8,35.2,0.9,50.0,0.2,0.2,35.9,16.3,26.4,192.3,6.1,27.3,10.5
5,6.2,转向,NAVIGATING,0.0,0.6,0,/top-app,1017,2457,864,1.9,15.4,8.7,7.7,0.0,8.7,0.0,0.0,10.6,1.9,0.0,17.4,1.0,19.3,1.9,18.7,99.2,77.5,51.1,0.1,10.4,0.0,0.1,24.6,14.0,1.6,100.9,8.4,34.6,7.1
5,7.2,转向,NAVIGATING,0.0,0.12,0,/top-app,1017,2803,864,2.9,15.4,9.6,7.7,0.0,24.1,0.0,0.0,11.6,1.9,2.9,49.1,1.9,17.3,1.9,15.6,81.9,71.1,44.8,0.3,41.0,0.3,0.0,22.1,15.6,18.8,159.8,4.7,35.8,11.2
5,8.2,静止,NAVIGATING,0.0,0.02,0,/top-app,1017,2803,864,2.9,16.6,9.8,8.8,0.0,7.8,1.0,0.0,11.7,2.0,2.0,16.6,2.0,20.5,2.9,20.0,100.0,113.1,46.4,1.7,15.4,0.3,0.0,37.0,16.0,2.7,146.8,8.0,41.9,9.9
5,9.3,静止,NAVIGATING,0.0,0.0,0,/top-app,1113,2803,864,2.9,16.7,9.8,7.9,0.0,24.5,0.0,0.0,10.8,2.0,7.9,53.0,1.0,19.6,2.0,15.2,81.1,64.4,49.2,0.1,29.7,0.1,0.0,32.5,11.5,16.7,153.9,7.7,27.4,4.7
5,10.3,直行,NAVIGATING,0.53,0.03,0,/top-app,1459,2803,864,3.0,12.8,8.9,8.9,0.0,5.9,0.0,1.0,9.8,2.0,33.5,73.8,2.0,16.7,3.0,12.0,55.0,62.2,32.4,0.0,3.4,0.1,0.1,20.1,13.9,53.9,127.7,4.8,21.6,2.7
5,11.3,直行,NAVIGATING,0.6,0.0,0,/top-app,1017,2803,864,2.0,15.7,8.9,8.9,1.0,24.6,1.0,0.0,10.8,2.0,13.8,59.0,2.0,18.7,2.0,16.0,90.6,58.5,41.4,0.4,41.8,0.2,0.0,24.8,14.6,51.1,158.4,6.7,43.8,4.2
5,12.3,直行,NAVIGATING,0.6,0.0,0,/top-app,1017,2592,864,3.9,16.7,9.8,9.8,0.0,7.9,0.0,0.0,12.8,3.0,1.0,23.6,1.0,20.7,3.0,15.7,96.0,90.1,45.2,0.2,4.6,0.1,0.1,39.7,21.7,2.4,112.0,9.6,53.6,9.5
5,13.3,直行,NAVIGATING,0.6,0.0,0,/top-app,1017,2803,3187,3.0,16.7,8.9,8.9,0.0,24.6,0.0,0.0,11.8,2.0,3.9,45.2,2.0,18.7,3.0,13.2,81.9,74.3,32.9,0.0,54.5,0.1,0.0,26.5,13.4,18.9,141.5,6.2,27.4,5.2
5,14.3,直行,NAVIGATING,0.6,0.01,0,/top-app,1017,1785,864,2.9,14.7,9.8,10.8,1.0,6.9,0.0,0.0,10.8,2.0,1.0,19.6,2.0,17.6,2.0,15.1,91.0,67.8,49.7,0.7,3.5,0.3,0.0,30.7,13.9,3.1,112.1,6.5,36.7,5.3
5,15.4,直行,NAVIGATING,0.6,0.0,0,/top-app,1017,2188,864,2.9,16.3,9.6,9.6,0.0,23.1,0.0,0.0,11.5,1.0,2.9,45.1,1.0,18.2,2.9,20.3,82.0,65.1,41.1,0.1,41.9,0.3,0.3,27.9,12.1,16.8,170.7,9.2,34.0,8.7
5,16.4,直行,NAVIGATING,0.59,0.27,0,/top-app,1017,2803,864,2.0,13.8,8.9,8.9,0.0,6.9,0.0,0.0,9.8,2.0,33.4,62.0,2.0,18.7,2.0,14.7,77.1,59.9,50.5,0.1,4.9,0.1,0.0,26.4,13.0,61.4,141.0,4.9,17.1,6.8
5,17.4,直行,NAVIGATING,0.6,0.55,0,/top-app,1017,1920,864,2.9,15.5,8.7,8.7,0.0,21.3,1.0,0.0,11.6,2.9,16.4,67.6,1.0,17.4,2.9,13.2,62.0,62.9,41.9,0.6,21.7,1.4,0.1,19.7,11.6,81.1,176.4,5.9,61.1,5.0
5,18.5,直行,NAVIGATING,0.6,0.54,0,/top-app,1017,2592,864,2.9,16.4,9.6,10.6,0.0,7.7,0.0,0.0,12.5,1.9,1.0,14.4,1.9,19.3,1.9,18.1,108.6,73.7,54.2,0.1,7.4,0.3,0.1,30.0,12.0,1.4,112.9,7.1,51.3,7.8
5,19.5,直行,NAVIGATING,0.61,0.2,0,/top-app,1017,2054,864,2.9,14.5,8.7,8.7,0.0,22.3,0.0,0.0,12.6,1.0,1.9,47.5,1.9,18.4,1.9,20.4,114.2,67.1,50.5,0.4,47.5,0.4,0.1,31.9,15.7,18.6,171.6,8.1,51.7,6.7
5,20.5,直行,NAVIGATING,0.6,0.03,0,/top-app,1017,2457,864,3.9,17.4,9.7,9.7,0.0,8.7,0.0,0.0,10.6,2.9,1.9,19.3,1.9,20.3,2.9,15.4,101.3,81.7,42.6,0.0,7.9,0.6,0.0,33.3,13.1,1.7,115.1,5.7,52.1,6.6
5,21.6,直行,NAVIGATING,0.6,0.01,0,/top-app,1017,1651,864,1.9,14.4,9.6,8.7,0.0,20.2,1.0,0.0,10.6,1.0,1.9,42.4,1.0,17.3,1.9,15.9,83.4,55.0,37.9,0.0,28.9,0.1,0.0,27.3,13.9,15.0,135.5,5.7,35.4,5.3
5,22.6,直行,NAVIGATING,0.6,0.0,0,/top-app,1344,2188,864,2.9,15.4,8.7,9.6,0.0,9.6,0.0,0.0,11.6,2.9,24.1,55.9,1.9,18.3,3.9,18.1,67.8,55.6,35.7,0.3,5.9,0.3,0.3,19.0,15.4,39.6,150.4,5.0,27.1,4.7
5,23.6,直行,NAVIGATING,0.6,0.0,0,/top-app,1017,2457,864,2.9,12.6,8.7,7.8,0.0,16.5,0.0,0.0,9.7,1.9,21.3,65.0,1.9,17.5,1.0,12.9,64.6,56.6,36.0,0.2,14.2,0.0,0.0,24.1,10.5,116.3,210.4,4.9,18.2,4.3
5,24.7,直行,NAVIGATING,0.41,0.0,0,/top-app,1785,2592,864,2.9,17.5,9.7,9.7,0.0,11.6,0.0,0.0,13.6,1.9,2.9,26.2,1.9,19.4,2.9,22.4,94.4,84.4,55.8,0.1,10.2,0.8,0.1,29.8,19.9,18.1,129.0,7.5,25.5,6.4
5,25.7,静止,NAVIGATING,0.02,0.0,0,/top-app,1017,2592,864,2.9,15.5,9.7,7.7,1.0,17.4,0.0,1.0,11.6,1.9,1.0,37.8,0.0,18.4,2.9,21.0,95.0,88.0,31.5,1.1,26.9,0.3,0.2,28.8,14.2,2.9,114.3,5.9,21.3,6.9
5,26.7,进站,NAVIGATING,0.19,0.0,0,/top-app,1017,2188,864,2.9,17.4,9.6,11.6,0.0,14.5,0.0,0.0,11.6,1.9,1.9,28.0,1.9,19.3,1.9,15.0,93.7,103.2,66.3,0.2,17.1,1.0,0.0,36.4,21.9,12.7,147.9,5.4,31.0,9.7
5,27.8,进站,NAVIGATING,0.2,0.0,0,/top-app,1017,2457,864,2.9,15.5,9.7,8.7,0.0,17.5,1.0,0.0,12.6,1.9,1.0,36.9,2.9,18.5,1.9,21.0,97.0,76.9,37.5,0.0,22.6,0.1,0.1,31.7,18.7,3.3,124.4,5.7,33.0,9.8
5,28.8,进站,NAVIGATING,0.13,0.0,0,/top-app,1344,2188,864,2.9,16.5,9.7,6.8,0.0,14.5,0.0,0.0,10.6,1.9,20.3,53.2,1.0,19.4,2.9,18.6,98.6,78.0,51.1,0.4,19.6,0.6,0.1,34.5,17.9,76.2,219.2,8.8,32.3,9.1
5,29.8,进站,NAVIGATING,0.03,0.0,0,/top-app,1017,2188,864,2.9,13.5,8.7,7.7,0.0,12.5,0.0,0.0,10.6,1.9,26.9,65.4,1.9,16.4,2.9,12.4,73.2,58.5,35.7,0.2,6.7,0.0,0.0,20.4,10.4,66.8,103.2,9.0,19.4,5.2
5,30.9,静止,NAVIGATING,0.01,0.0,0,/top-app,1113,1920,864,2.9,16.4,9.7,7.7,0.0,16.4,0.0,0.0,10.6,1.9,1.9,33.8,1.0,17.4,1.9,19.2,123.7,71.6,40.7,0.0,23.1,0.8,0.0,33.0,12.2,18.2,148.1,7.1,29.8,8.4
5,31.9,静止,NAVIGATING,0.0,0.0,0,/top-app,1017,2188,864,2.9,15.4,9.6,7.7,0.0,13.5,0.0,0.0,10.6,1.9,1.0,29.8,1.9,19.2,2.9,18.2,99.9,78.0,40.0,0.4,23.6,0.1,0.2,38.0,13.9,1.7,104.4,7.1,36.2,7.4
5,33.0,静止,ARRIVED,0.0,0.0,0,/top-app,1017,2803,864,2.9,15.5,5.8,9.7,0.0,18.4,0.0,0.0,11.6,1.9,3.9,38.7,1.9,19.4,1.9,11.6,71.5,0.0,0.0,0.2,22.9,0.5,0.0,28.8,14.0,18.8,136.1,5.9,21.7,6.1
6,1.0,静止,NAVIGATING,0.0,0.0,0,/top-app,1017,2054,864,2.9,15.4,10.6,8.7,0.0,11.6,1.0,0.0,12.5,2.9,0.0,27.0,1.0,18.3,1.9,13.6,74.3,48.2,46.7,0.0,13.8,0.2,0.1,34.8,14.5,0.5,96.7,6.1,22.9,6.6
6,2.1,转向,NAVIGATING,0.0,0.6,0,/top-app,1017,2323,864,1.9,15.4,9.7,7.7,1.0,20.3,0.0,0.0,10.6,1.9,19.3,56.9,1.9,16.4,1.9,12.3,67.1,40.0,34.4,0.4,17.6,0.7,0.1,25.0,9.7,72.6,181.9,3.8,22.3,6.2
6,3.1,转向,NAVIGATING,0.0,0.6,0,/top-app,1017,2592,864,2.9,15.5,10.7,7.8,0.0,5.8,0.0,0.0,10.7,1.0,24.2,58.1,1.9,18.4,2.9,17.0,56.9,46.5,36.0,0.5,6.5,0.1,0.1,21.9,8.6,49.6,114.6,5.4,34.8,4.9
6,4.1,转向,NAVIGATING,0.0,0.6,0,/top-app,1017,2188,864,3.9,16.4,9.7,8.7,0.0,23.2,0.0,0.0,12.6,2.9,2.9,44.4,1.9,19.3,1.9,14.1,69.7,46.5,44.8,0.1,37.8,0.3,0.1,32.7,14.1,20.6,143.2,4.9,24.4,5.5
6,5.2,转向,NAVIGATING,0.0,0.6,0,/top-app,1017,2188,864,2.9,15.4,10.6,8.7,0.0,6.7,0.0,0.0,11.6,1.9,0.0,17.3,1.0,18.3,2.9,9.6,69.3,53.1,46.6,0.2,7.4,0.1,0.0,29.6,20.3,1.1,107.5,7.0,31.9,5.7
6,6.2,转向,NAVIGATING,0.0,0.58,0,/top-app,1017,2323,864,2.9,17.3,9.6,7.7,0.0,23.1,1.0,0.0,10.6,1.9,3.8,49.1,2.9,19.2,2.9,12.1,59.0,50.3,34.1,0.1,23.7,0.2,0.0,24.5,10.6,10.7,138.7,4.5,25.6,5.6
6,7.2,转向,NAVIGATING,0.0,0.12,0,/top-app,1017,2803,3360,2.9,17.3,10.6,8.7,1.0,7.7,0.0,0.0,12.5,1.9,0.0,16.4,1.0,20.2,1.9,10.1,65.2,84.7,39.3,0.1,3.9,0.1,0.1,28.8,17.4,0.7,87.0,7.8,31.1,6.0
6,8.3,静止,NAVIGATING,0.0,0.02,0,/top-app,1017,2803,864,2.9,15.7,9.8,8.8,0.0,20.6,1.0,0.0,10.8,2.0,22.6,67.8,1.0,19.7,2.9,10.1,66.1,36.9,35.3,0.8,17.3,0.4,0.1,34.2,13.1,62.6,179.0,6.6,53.1,4.7
6,9.3,静止,NAVIGATING,0.0,0.0,0,/top-app,2016,2803,3360,2.9,15.7,9.8,7.9,0.0,6.9,0.0,0.0,10.8,2.0,26.5,64.8,2.0,17.7,2.0,12.5,51.6,38.4,39.1,0.2,2.4,0.0,0.0,29.5,10.0,71.7,127.2,6.7,22.9,4.3
6,10.3,直行,NAVIGATING,0.5,0.03,0,/top-app,1017,2188,864,2.9,16.7,10.8,9.8,0.0,24.5,0.0,0.0,11.8,2.9,2.9,43.1,2.9,19.6,2.0,13.9,73.7,61.9,32.6,0.9,36.8,0.1,0.0,27.8,12.8,17.4,147.7,10.1,43.5,5.5
6,11.3,直行,NAVIGATING,0.6,0.01,0,/top-app,1017,2803,864,3.9,16.7,11.8,9.8,0.0,6.9,0.0,0.0,10.8,2.0,1.0,21.7,1.0,19.7,3.0,22.1,62.4,59.9,50.3,0.5,2.6,0.1,0.0,27.4,10.7,3.3,125.6,8.7,24.0,5.4
6,12.3,直行,NAVIGATING,0.6,0.01,0,/top-app,1017,2803,2956,2.0,13.8,8.9,8.9,1.0,23.6,0.0,0.0,10.8,2.0,3.0,43.3,2.0,17.7,2.0,15.3,57.9,44.2,37.1,0.3,30.7,0.8,0.1,20.3,11.6,15.4,132.9,5.9,24.9,4.8
6,13.3,直行,NAVIGATING,0.6,0.0,0,/top-app,1017,2803,864,3.9,14.7,8.8,8.8,0.0,5.9,0.0,0.0,11.8,2.0,0.0,18.7,1.0,17.7,2.0,17.0,66.2,58.9,40.1,0.0,8.6,0.2,0.0,34.6,11.0,1.0,105.6,6.8,42.6,5.0
6,14.4,直行,NAVIGATING,0.6,0.0,0,/top-app,1017,2803,3360,2.0,15.7,8.8,9.8,0.0,22.6,0.0,0.0,10.8,2.0,16.7,60.0,2.0,18.7,2.0,14.9,64.5,53.0,32.0,0.4,35.0,0.5,0.2,30.7,10.9,24.9,153.4,7.6,24.3,5.0
6,15.4,直行,NAVIGATING,0.6,0.01,0,/top-app,1017,2803,864,2.9,15.5,10.6,8.7,0.0,6.8,0.0,0.0,11.6,1.0,29.0,76.3,1.0,17.4,2.9,13.4,58.4,40.7,31.7,0.0,4.9,0.2,0.1,20.7,10.0,74.9,122.4,4.4,26.2,3.0
6,16.4,直行,NAVIGATING,0.59,0.25,0,/top-app,1017,2323,864,2.9,15.5,8.7,9.7,0.0,25.2,0.0,0.0,10.7,2.9,1.9,43.6,1.9,19.4,1.9,16.7,75.2,53.2,42.8,0.0,43.5,0.1,0.0,23.2,9.8,13.0,154.4,4.9,38.1,7.5
6,17.5,直行,NAVIGATING,0.6,0.55,0,/top-app,1017,2592,864,2.9,16.4,10.6,10.6,0.0,6.7,1.0,0.0,11.6,1.9,1.9,21.2,1.9,19.3,2.9,19.9,62.8,61.5,35.6,0.3,5.9,0.1,0.0,26.2,15.8,0.8,93.1,9.6,22.5,6.0
6,18.5,直行,NAVIGATING,0.6,0.53,0,/top-app,1017,2457,864,2.0,14.7,9.8,7.8,0.0,22.5,0.0,0.0,10.7,2.0,2.9,42.0,1.0,16.6,1.0,16.5,72.5,40.5,32.7,0.1,37.9,1.4,0.0,28.6,15.1,10.2,146.6,7.5,27.5,6.4
6,19.5,直行,NAVIGATING,0.6,0.24,0,/top-app,1017,2592,864,3.9,17.5,10.7,10.7,0.0,8.7,0.0,0.0,13.6,1.9,1.0,22.4,2.9,19.4,2.9,12.2,68.0,43.8,37.4,0.1,4.4,0.1,0.0,28.9,15.6,1.4,107.7,5.9,23.0,6.9
6,20.5,直行,NAVIGATING,0.6,0.03,0,/top-app,1017,2803,864,2.9,13.8,8.8,8.8,0.0,21.6,0.0,0.0,9.8,2.0,10.8,55.0,1.0,16.7,2.0,16.2,72.1,56.8,40.1,0.1,33.1,0.1,0.0,27.4,8.7,19.2,149.3,4.6,24.0,7.1
6,21.6,直行,NAVIGATING,0.6,0.01,0,/top-app,1017,2323,864,1.9,12.5,7.7,7.7,0.0,5.8,0.0,0.0,9.6,1.9,28.9,74.3,1.0,14.5,1.9,10.8,52.3,41.3,33.4,0.0,2.5,0.2,0.0,15.4,8.2,65.5,138.7,3.0,17.4,5.0
6,22.6,直行,NAVIGATING,0.6,0.0,0,/top-app,1017,2188,864,3.8,16.3,9.6,8.6,0.0,22.1,0.0,0.0,11.5,1.0,6.7,49.0,1.9,19.2,2.9,13.8,81.2,56.9,36.1,0.4,39.8,0.0,0.0,42.3,12.0,37.2,171.8,5.8,42.4,12.8
6,23.6,直行,NAVIGATING,0.6,0.0,0,/top-app,2016,2592,864,1.9,16.5,10.7,10.7,0.0,9.7,0.0,0.0,11.6,2.9,1.9,19.4,1.0,19.4,1.9,17.4,70.1,58.1,39.7,0.1,11.0,0.1,0.0,29.1,11.7,2.9,99.6,7.6,30.6,5.5
6,24.7,直行,NAVIGATING,0.42,0.0,0,/top-app,1017,2592,864,3.9,16.4,9.6,8.7,1.0,22.2,0.0,0.0,10.6,1.9,6.7,46.3,1.9,19.3,2.9,17.3,81.4,54.5,39.0,0.1,39.6,0.4,0.2,37.1,14.6,39.0,169.2,7.4,36.5,6.3
6,25.7,进站,NAVIGATING,0.04,0.0,0,/top-app,1344,2188,864,1.9,14.5,9.7,7.8,0.0,10.7,0.0,0.0,10.7,1.9,1.9,22.3,1.0,17.4,1.9,13.6,67.3,48.0,38.1,0.1,9.9,0.1,0.0,25.2,11.4,11.0,122.9,3.7,25.0,5.2
6,26.7,进站,NAVIGATING,0.19,0.01,0,/top-app,1017,2592,864,3.9,15.5,9.7,9.7,0.0,18.4,1.0,0.0,11.6,1.9,2.9,38.7,1.9,19.4,1.9,11.0,62.0,39.7,33.0,0.2,40.0,0.2,0.0,32.7,10.8,4.7,128.5,4.7,36.9,5.0
6,27.8,进站,NAVIGATING,0.2,0.0,0,/top-app,1459,2457,864,1.9,15.5,8.7,8.7,0.0,12.6,1.0,0.0,9.7,1.9,37.8,81.3,1.9,18.4,2.9,9.8,44.3,29.6,30.7,0.1,8.6,0.0,0.1,16.6,10.0,98.6,200.1,3.3,14.6,2.7
6,28.8,进站,NAVIGATING,0.14,0.0,0,/top-app,1017,2592,864,2.9,14.4,9.6,6.7,1.0,13.5,0.0,0.0,10.6,1.9,10.6,43.3,1.9,16.3,1.9,16.0,53.2,48.9,31.0,0.1,11.0,0.0,0.0,21.7,13.6,30.4,102.8,5.4,19.8,5.5
6,29.8,进站,NAVIGATING,0.03,0.0,0,/top-app,1017,2323,864,2.9,17.5,10.7,8.8,0.0,14.6,0.0,0.0,12.7,1.9,2.9,32.1,1.0,19.5,2.9,14.9,74.0,53.7,43.7,0.1,18.5,0.5,0.0,23.5,8.1,12.0,138.3,7.9,26.6,7.3
6,30.9,静止,NAVIGATING,0.01,0.0,0,/top-app,1017,2054,864,2.9,16.3,10.6,8.7,0.0,15.4,0.0,0.0,10.6,1.9,1.0,32.7,1.9,18.3,1.9,15.8,63.8,42.8,37.9,0.5,26.6,0.1,0.1,31.0,10.2,1.6,104.7,6.2,25.5,8.9
6,31.9,静止,NAVIGATING,0.0,0.0,0,/top-app,1017,1920,864,2.9,16.4,10.6,7.7,0.0,16.4,0.0,0.0,11.6,2.9,3.9,34.7,1.9,17.4,2.9,17.9,75.0,54.0,42.9,0.2,24.3,0.4,0.0,28.9,16.1,17.1,129.9,8.2,24.2,4.9
6,33.0,静止,ARRIVED,0.0,0.0,0,/top-app,1017,2188,864,2.9,11.6,5.8,7.7,0.0,13.6,0.0,0.0,11.6,1.0,0.0,28.1,1.9,17.4,1.0,15.6,67.8,0.0,0.0,0.1,25.2,0.0,0.2,23.2,14.5,2.9,78.2,7.3,35.2,2.0
7,1.0,静止,NAVIGATING,0.0,0.0,0,/top-app,1344,2592,864,2.9,15.5,9.7,8.7,0.0,19.3,0.0,0.0,10.6,2.9,31.0,80.3,1.0,17.4,2.9,12.2,49.4,37.6,36.6,0.1,14.8,0.8,0.0,20.8,9.9,80.8,222.9,4.3,13.9,5.3
7,2.0,转向,NAVIGATING,0.0,0.59,0,/top-app,1017,2803,864,3.9,16.5,9.7,7.8,0.0,8.7,0.0,0.0,12.6,1.9,18.4,42.7,2.9,19.4,2.9,15.6,48.2,45.0,38.4,0.1,11.0,0.0,0.0,19.1,10.4,43.3,94.7,7.9,31.1,6.8
7,3.1,转向,NAVIGATING,0.0,0.6,0,/top-app,1017,2054,864,1.9,17.4,10.6,8.7,1.0,20.3,0.0,0.0,10.6,1.9,3.9,42.5,1.0,19.3,1.9,12.6,64.1,45.5,36.4,0.3,39.5,0.1,0.0,25.2,11.8,9.3,136.9,6.8,34.1,7.8
7,4.1,转向,NAVIGATING,0.0,0.6,0,/top-app,1017,2457,864,2.9,14.6,9.7,6.8,0.0,8.7,0.0,0.0,10.7,1.9,0.0,20.4,1.9,17.5,2.9,14.4,58.9,51.0,28.1,0.1,8.9,0.2,0.2,28.1,13.9,1.1,82.9,5.2,27.9,5.3
7,5.1,转向,NAVIGATING,0.0,0.6,0,/top-app,1017,2188,864,2.9,16.4,10.6,7.7,0.0,21.3,0.0,0.0,11.6,1.9,2.9,47.4,1.9,18.4,1.9,17.8,62.0,34.3,32.7,1.4,27.8,0.6,0.3,30.1,12.8,30.7,156.0,5.4,32.5,7.5
7,6.2,转向,NAVIGATING,0.0,0.59,0,/top-app,1017,2054,864,3.9,17.4,9.7,9.7,0.0,8.7,0.0,1.0,12.5,1.9,1.0,18.3,1.9,19.3,2.9,18.1,65.5,47.0,33.1,0.5,9.1,0.5,0.0,30.0,11.2,0.9,99.9,4.2,25.6,6.0
7,7.2,转向,NAVIGATING,0.0,0.12,0,/top-app,1113,2457,864,1.9,13.6,8.8,6.8,0.0,20.4,1.0,0.0,9.7,2.9,30.2,74.0,1.0,17.5,1.9,10.0,41.5,25.2,19.5,0.0,15.1,0.2,0.0,13.3,6.0,91.3,143.0,2.6,11.9,4.0
7,8.2,静止,NAVIGATING,0.0,0.02,0,/top-app,1017,2707,864,3.8,15.4,9.6,8.7,0.0,7.7,0.0,0.0,11.5,1.0,15.4,45.2,1.0,18.3,1.9,12.9,44.4,37.2,35.2,0.8,1.4,0.1,0.2,18.9,8.0,61.6,90.6,3.8,25.2,3.9
7,9.3,静止,NAVIGATING,0.03,0.02,0,/top-app,1555,2803,3360,1.9,16.5,10.7,7.8,0.0,20.4,0.0,0.0,9.7,1.9,1.9,40.8,1.9,18.5,2.9,12.8,85.3,74.9,45.5,0.4,41.9,0.1,0.0,45.1,9.3,9.4,151.9,7.0,54.4,6.4
7,10.3,直行,NAVIGATING,0.57,0.02,0,/top-app,1113,2803,864,2.9,16.7,10.8,9.8,0.0,6.9,0.0,0.0,10.8,2.9,2.0,17.7,2.0,19.7,2.9,16.5,75.8,44.0,38.7,0.0,13.2,0.2,0.1,48.3,11.8,2.1,90.9,5.2,62.8,6.2
7,11.3,直行,NAVIGATING,0.6,0.0,0,/top-app,1017,2803,864,2.9,15.7,9.8,9.8,0.0,23.6,0.0,0.0,10.8,2.0,2.9,46.1,2.0,17.7,2.0,12.5,55.5,35.7,26.6,0.1,48.0,0.0,0.0,35.4,11.4,16.6,123.1,4.2,36.5,6.5
7,12.3,直行,NAVIGATING,0.6,0.0,0,/top-app,1017,2323,864,3.9,16.6,9.7,7.8,0.0,5.8,1.0,0.0,11.7,1.9,1.0,17.5,1.9,18.5,1.9,12.2,58.5,53.9,24.9,0.1,3.9,0.1,0.0,25.6,10.0,1.5,68.3,5.9,29.3,4.7
7,13.4,直行,NAVIGATING,0.6,0.0,0,/top-app,1017,2803,864,2.0,15.7,9.8,9.8,0.0,21.6,0.0,0.0,10.8,2.0,24.6,70.8,1.0,19.7,3.0,10.0,43.7,40.7,26.6,0.3,16.4,0.4,0.1,21.3,7.4,71.8,176.8,4.4,19.0,7.2
7,14.4,直行,NAVIGATING,0.6,0.0,0,/top-app,1017,2592,864,2.9,14.5,8.7,8.7,0.0,6.8,0.0,0.0,10.6,1.9,20.3,53.1,1.9,17.4,2.9,10.0,48.0,39.1,26.3,0.1,5.1,0.0,0.0,17.9,8.8,47.6,100.1,5.8,20.2,2.8
7,15.4,直行,NAVIGATING,0.6,0.0,0,/top-app,1017,2803,864,2.9,14.7,9.8,9.8,1.0,23.6,0.0,0.0,10.8,2.0,3.9,46.2,2.0,19.6,2.0,19.8,71.8,53.0,47.5,0.1,35.6,1.3,0.0,35.7,18.2,21.3,150.8,5.6,31.8,7.7
7,16.4,直行,NAVIGATING,0.58,0.33,0,/top-app,1017,2803,864,2.9,16.4,9.7,8.7,0.0,8.7,0.0,0.0,12.6,1.9,0.0,17.4,1.0,19.3,2.9,12.0,63.7,60.6,38.4,0.1,7.5,0.0,0.0,25.0,12.3,0.8,99.5,4.1,36.5,6.6
7,17.5,直行,NAVIGATING,0.6,0.57,0,/top-app,1017,2592,864,2.9,14.5,10.6,8.7,0.0,22.2,0.0,0.0,10.6,1.0,2.9,46.3,1.9,17.4,1.9,15.4,80.0,39.5,36.1,1.2,35.8,0.4,0.2,20.2,11.4,18.9,151.0,6.2,28.7,7.2
7,18.5,直行,NAVIGATING,0.6,0.54,0,/top-app,1017,2457,864,2.9,17.4,9.7,10.6,0.0,7.7,0.0,0.0,13.6,2.9,1.0,21.3,1.0,19.4,2.9,15.6,68.2,59.9,46.8,0.2,5.3,0.1,0.1,37.8,13.2,1.8,107.6,9.0,32.3,7.7
7,19.5,直行,NAVIGATING,0.6,0.16,0,/top-app,1017,2803,864,2.9,13.8,8.8,8.8,1.0,24.6,0.0,0.0,9.8,2.0,25.5,72.7,2.0,17.7,2.0,10.6,50.4,27.6,23.3,0.1,30.1,0.1,0.0,22.0,9.0,53.0,160.3,4.7,19.0,4.0
7,20.6,直行,NAVIGATING,0.6,0.04,0,/top-app,1017,2592,864,2.9,14.5,9.6,8.7,0.0,5.8,0.0,0.0,10.6,1.9,25.1,54.9,1.0,16.4,1.9,9.7,47.8,37.7,24.2,0.2,3.0,0.1,0.0,14.5,8.2,50.1,116.9,3.7,25.5,4.4
7,21.6,直行,NAVIGATING,0.6,0.01,0,/top-app,1017,1920,864,1.9,15.4,8.7,8.7,0.0,23.2,0.0,0.0,9.7,1.9,2.9,42.5,1.9,17.4,2.9,12.1,56.4,38.9,35.8,0.1,36.5,0.1,0.1,19.5,12.1,11.0,136.9,5.4,25.8,6.7
7,22.6,直行,NAVIGATING,0.6,0.0,0,/top-app,1017,2592,864,2.9,16.4,10.6,8.7,0.0,8.7,0.0,0.0,13.5,1.9,1.9,18.4,1.9,19.3,2.9,15.4,59.3,66.8,31.6,0.2,6.1,0.4,0.0,25.9,12.2,4.3,83.3,3.6,33.1,6.1
7,23.7,直行,NAVIGATING,0.6,0.0,0,/top-app,1017,2054,864,2.9,14.5,9.7,9.7,0.0,21.2,0.0,0.0,9.7,1.9,1.9,42.5,1.0,18.3,2.9,14.1,63.4,45.8,38.7,0.5,25.6,0.1,0.0,24.5,12.0,23.6,130.0,5.8,35.6,6.2
7,24.7,直行,NAVIGATING,0.38,0.0,0,/top-app,1785,2592,864,3.9,17.6,10.7,8.8,0.0,7.8,0.0,0.0,13.7,2.9,2.9,21.5,2.0,18.5,2.0,16.6,85.4,46.2,54.0,0.1,8.0,0.2,0.1,25.5,23.8,11.7,120.8,7.0,32.9,9.0
7,25.7,静止,NAVIGATING,0.0,0.0,0,/top-app,1017,2592,864,2.9,14.5,8.7,7.7,0.0,21.3,0.0,0.0,10.6,1.0,17.4,70.5,1.9,18.4,2.9,14.0,73.8,48.2,29.5,0.1,27.1,0.1,0.0,19.8,12.4,28.4,160.7,5.1,41.9,7.1
7,26.8,进站,NAVIGATING,0.2,0.0,0,/top-app,1228,2323,864,1.9,15.5,9.7,11.6,0.0,9.7,0.0,0.0,9.7,1.9,29.0,71.6,1.0,16.4,1.9,10.9,41.7,39.7,26.2,0.1,10.2,0.0,0.0,15.1,13.8,81.6,156.0,4.1,24.6,3.0
7,27.8,进站,NAVIGATING,0.2,0.0,0,/top-app,1017,2803,864,2.9,14.6,8.8,7.8,0.0,18.5,1.0,0.0,11.7,2.0,1.0,39.0,2.0,17.6,2.0,15.5,81.0,50.3,46.8,0.0,28.1,0.2,0.1,36.0,16.0,0.7,113.9,5.1,35.6,6.5
7,28.8,进站,NAVIGATING,0.11,0.0,0,/top-app,1228,2188,864,3.9,16.4,9.6,8.7,0.0,12.5,1.9,0.0,11.6,2.9,2.9,22.2,1.9,17.4,2.9,16.7,58.2,39.9,39.4,0.2,11.9,0.2,0.0,23.2,11.1,25.9,130.4,4.7,24.2,4.7
7,29.9,进站,NAVIGATING,0.02,0.0,0,/top-app,1017,2323,864,1.9,15.5,9.7,7.7,0.0,18.4,0.0,0.0,11.6,1.0,1.0,43.5,1.9,18.4,1.9,13.5,61.6,43.2,34.5,0.1,26.2,0.0,0.0,33.0,7.4,1.4,113.1,6.0,24.9,7.6
7,30.9,静止,NAVIGATING,0.01,0.0,0,/top-app,1113,2592,864,2.9,16.5,11.6,7.8,0.0,14.5,0.0,0.0,11.6,1.9,3.9,29.1,1.0,18.4,2.9,14.3,52.5,43.4,34.9,0.3,21.1,0.3,0.0,26.3,10.1,15.0,140.0,4.9,16.3,7.8
7,31.9,静止,NAVIGATING,0.0,0.0,0,/top-app,1017,2457,864,2.9,15.5,8.7,8.7,1.0,16.4,0.0,0.0,11.6,2.9,13.5,52.2,1.9,18.4,1.9,11.9,49.4,42.9,25.1,0.3,15.9,0.5,0.1,21.1,12.0,22.9,123.3,6.6,14.2,6.6
7,33.0,静止,ARRIVED,0.0,0.0,0,/top-app,1228,2592,864,3.9,12.6,6.8,8.7,0.0,15.5,0.0,0.0,8.7,1.9,33.9,82.2,1.0,17.4,1.9,12.9,43.5,0.0,0.0,0.1,13.6,0.1,0.0,14.2,9.8,115.2,182.4,3.4,11.1,1.7
8,1.0,静止,NAVIGATING,0.0,0.0,0,/top-app,1017,2457,864,1.9,16.4,10.6,7.7,0.0,10.6,0.0,0.0,12.6,1.9,3.9,30.0,1.9,18.4,1.9,13.9,67.0,79.0,50.1,0.0,18.5,0.1,0.1,32.2,15.2,14.0,133.2,7.3,30.7,7.5
8,2.0,转向,NAVIGATING,0.0,0.59,0,/top-app,1017,2188,864,3.9,15.5,9.7,8.7,1.0,19.3,0.0,0.0,10.6,1.9,2.9,34.8,1.0,18.4,2.9,11.2,61.6,60.6,43.1,0.8,28.1,0.1,0.1,25.3,9.5,12.5,146.3,4.2,29.6,5.5
8,3.1,转向,NAVIGATING,0.0,0.6,0,/top-app,1017,2457,864,1.9,14.6,9.7,7.8,0.0,11.7,0.0,0.0,10.7,1.9,1.9,32.1,2.9,17.5,2.9,15.4,64.7,52.8,35.1,0.1,25.7,0.4,0.0,35.6,13.0,2.7,102.8,4.5,34.4,6.9
8,4.1,转向,NAVIGATING,0.0,0.6,0,/top-app,1017,2323,864,2.9,15.4,9.7,7.7,0.0,19.3,0.0,0.0,10.6,1.9,1.9,38.6,1.0,17.4,1.9,14.4,92.7,42.0,43.9,0.0,34.7,0.6,0.0,36.1,13.0,19.3,160.0,4.2,35.8,10.4
8,5.1,转向,NAVIGATING,0.0,0.6,0,/top-app,1017,2592,864,2.9,16.5,9.7,7.8,0.0,9.7,0.0,0.0,12.6,1.9,5.8,28.1,1.9,19.4,2.9,15.4,70.0,49.3,35.4,0.2,16.7,0.1,0.0,24.7,8.9,3.2,107.8,4.5,28.0,6.1
8,6.2,转向,NAVIGATING,0.0,0.6,0,/top-app,1785,2592,864,2.9,15.5,9.7,6.8,0.0,20.3,0.0,0.0,10.7,1.9,32.9,91.0,1.0,17.4,1.9,11.0,54.3,28.6,23.4,0.1,25.3,0.3,0.0,18.4,9.2,99.4,224.8,6.0,16.7,4.9
8,7.2,转向,NAVIGATING,0.0,0.12,0,/top-app,1017,1920,864,2.9,15.5,9.7,8.7,0.0,7.7,0.0,0.0,10.7,1.9,8.7,27.1,1.9,18.4,2.9,17.2,74.0,51.9,35.1,0.0,11.1,0.1,0.1,31.6,15.2,27.7,119.1,4.0,30.0,8.8
8,8.2,静止,NAVIGATING,0.0,0.02,0,/top-app,1555,2323,864,2.9,16.4,10.6,8.7,0.0,22.2,0.0,0.0,11.6,1.9,2.9,46.4,1.9,18.4,1.9,17.2,65.7,56.5,46.3,0.3,32.4,0.4,0.1,23.6,10.3,7.8,129.0,4.8,26.7,7.4
8,9.3,静止,NAVIGATING,0.0,0.0,0,/top-app,1017,2803,864,2.9,16.4,9.7,7.7,0.0,6.8,0.0,0.0,10.6,1.9,1.0,19.3,1.9,18.4,1.9,12.5,67.7,65.4,44.7,0.0,8.5,0.1,0.0,31.7,15.3,1.1,88.0,6.3,31.1,6.2
8,10.3,直行,NAVIGATING,0.54,0.03,0,/top-app,1017,2803,864,3.0,16.7,9.8,9.8,0.0,23.6,1.0,0.0,11.8,2.0,3.9,40.3,1.0,19.7,3.0,17.5,83.4,49.7,39.9,0.0,41.0,0.6,0.1,33.8,9.4,26.5,164.0,5.0,48.2,4.8
8,11.3,直行,NAVIGATING,0.6,0.01,0,/top-app,1017,2803,3360,2.9,14.7,9.8,8.8,0.0,5.9,0.0,0.0,9.8,2.9,1.0,18.7,2.0,17.7,2.9,15.2,78.5,56.6,45.8,0.8,5.2,0.1,0.1,31.7,16.3,3.0,102.7,6.0,27.1,5.5
8,12.3,直行,NAVIGATING,0.6,0.0,0,/top-app,1459,2803,864,2.9,14.7,8.8,9.8,0.0,21.6,0.0,0.0,10.8,2.0,34.4,93.4,1.0,17.7,2.0,12.0,47.1,33.5,25.2,0.1,17.8,0.0,0.0,13.0,7.9,99.8,175.0,6.2,15.1,3.8
8,13.3,直行,NAVIGATING,0.6,0.0,0,/top-app,1017,2803,864,2.0,15.7,10.8,9.8,0.0,6.9,0.0,0.0,11.8,2.0,9.8,31.5,2.0,19.7,3.0,17.5,81.0,37.6,37.8,0.1,10.7,0.2,0.0,32.9,15.4,30.3,114.2,6.2,52.1,6.8
8,14.4,直行,NAVIGATING,0.6,0.0,0,/top-app,1017,2803,864,2.9,14.6,8.8,7.8,1.0,13.7,1.0,0.0,10.7,1.0,2.9,33.2,1.0,16.6,2.0,10.8,65.6,60.4,38.7,1.0,14.6,1.0,0.0,27.5,11.8,13.3,119.2,6.6,22.4,5.2
8,15.4,直行,NAVIGATING,0.6,0.01,0,/top-app,1017,2803,864,3.0,17.7,11.8,11.8,0.0,8.9,0.0,0.0,13.8,3.0,1.0,22.6,3.0,19.7,3.0,14.9,78.8,67.5,46.6,0.1,8.7,0.4,0.0,24.7,10.4,1.5,88.9,6.2,40.8,7.0
8,16.4,直行,NAVIGATING,0.59,0.26,0,/top-app,1344,2803,864,2.9,14.7,8.8,8.8,0.0,22.6,0.0,0.0,9.8,2.0,2.9,44.2,1.0,17.7,2.0,14.8,70.6,49.8,39.1,0.3,43.1,0.2,0.0,27.7,13.4,12.0,151.5,5.2,20.1,6.9
8,17.4,直行,NAVIGATING,0.6,0.56,0,/top-app,1017,2707,864,2.9,17.4,11.6,9.6,0.0,6.8,1.0,0.0,11.6,1.9,1.0,17.4,1.0,19.3,2.9,15.7,77.9,57.6,44.2,0.2,3.7,0.0,0.0,33.3,12.0,0.9,100.2,8.7,35.1,8.2
8,18.5,直行,NAVIGATING,0.6,0.54,0,/top-app,1017,2803,864,3.0,13.8,7.9,7.9,0.0,20.7,0.0,0.0,11.8,2.0,34.4,82.7,2.0,17.7,2.0,10.8,43.1,35.1,20.5,0.2,17.4,0.2,0.1,17.9,7.1,145.2,248.0,4.9,14.6,3.4
8,19.5,直行,NAVIGATING,0.61,0.21,0,/top-app,1017,2592,864,3.9,15.5,10.6,9.7,0.0,6.8,0.0,0.0,11.6,1.9,14.5,37.7,1.9,17.4,1.9,15.0,71.3,51.3,35.9,0.0,4.6,0.0,0.0,21.6,9.1,46.2,69.2,4.1,46.9,10.8
8,20.5,直行,NAVIGATING,0.6,0.05,0,/top-app,1017,2323,864,2.9,15.6,8.8,9.7,1.0,23.3,0.0,0.0,11.7,1.0,3.9,45.7,1.9,18.5,2.9,17.9,72.0,53.5,38.8,0.4,30.5,1.1,0.0,31.6,14.7,10.6,135.3,5.3,30.8,8.7
8,21.6,直行,NAVIGATING,0.6,0.0,0,/top-app,1017,2457,864,1.9,16.4,11.6,9.7,0.0,8.7,0.0,1.0,11.6,2.9,0.0,22.2,1.0,20.3,1.9,16.9,81.1,70.6,46.3,0.0,14.5,2.9,0.1,28.9,15.2,0.8,105.5,5.7,30.8,16.2
8,22.6,直行,NAVIGATING,0.6,0.0,0,/top-app,1017,2054,864,2.9,14.5,8.7,8.7,0.0,22.2,0.0,0.0,10.6,1.9,3.9,44.4,1.9,17.4,2.9,14.4,63.9,39.0,34.6,0.0,38.8,0.6,0.0,30.2,13.6,14.5,151.2,6.1,21.6,8.1
8,23.6,直行,NAVIGATING,0.6,0.0,0,/top-app,1017,2592,864,3.9,17.5,10.7,9.7,0.0,8.8,0.0,0.0,12.6,1.9,0.0,17.5,1.9,20.4,2.9,19.7,91.2,67.7,54.8,0.5,8.8,0.2,0.0,42.6,19.4,2.3,118.5,4.4,41.6,9.6
8,24.7,直行,NAVIGATING,0.42,0.0,0,/top-app,2016,2592,864,1.9,13.6,8.7,8.7,0.0,20.4,0.0,0.0,10.7,1.9,30.1,84.4,1.9,18.4,1.9,10.1,36.6,33.4,28.2,0.0,22.1,0.2,0.1,19.6,6.7,61.9,176.2,5.0,19.3,4.9
8,25.7,进站,NAVIGATING,0.03,0.0,0,/top-app,1344,2054,864,3.8,17.3,10.6,7.7,0.0,6.7,0.0,0.0,11.5,1.9,11.5,36.5,1.0,19.2,2.9,12.9,53.6,45.9,44.7,0.3,7.5,0.3,0.0,30.8,18.3,27.6,131.3,7.2,28.6,9.2
8,26.7,进站,NAVIGATING,0.17,0.0,0,/top-app,1017,2188,864,2.9,13.5,8.7,9.7,0.0,23.2,1.0,0.0,10.6,1.9,3.9,45.4,1.9,16.4,1.9,14.2,63.7,42.6,37.2,0.1,36.1,0.0,0.1,32.9,8.7,19.4,167.1,5.2,24.2,10.6
8,27.8,进站,NAVIGATING,0.2,0.0,0,/top-app,1670,2188,864,1.9,17.4,10.7,7.8,0.0,7.8,0.0,0.0,11.6,2.9,1.0,19.4,1.9,19.4,3.9,16.6,85.6,49.1,48.6,0.1,9.3,0.2,0.0,30.7,21.2,5.9,123.2,8.1,46.8,11.4
8,28.8,进站,NAVIGATING,0.15,0.0,0,/top-app,1017,2803,864,3.8,17.3,9.6,8.7,1.0,20.2,0.0,0.0,11.5,1.0,1.0,42.3,1.0,17.3,1.9,16.2,71.9,46.8,55.4,0.6,32.2,0.3,0.0,24.2,11.1,0.5,126.6,5.1,31.3,6.3
8,29.8,进站,NAVIGATING,0.03,0.0,0,/top-app,1113,2592,864,1.9,15.4,10.6,8.7,0.0,11.6,1.0,0.0,11.6,2.9,3.9,25.0,1.9,17.3,1.9,11.8,103.2,54.5,30.7,0.1,18.1,0.2,0.0,29.3,13.9,11.9,134.4,4.1,32.1,6.9
8,30.9,静止,NAVIGATING,0.01,0.0,0,/top-app,1017,2457,864,2.9,14.5,9.7,6.8,0.0,17.4,0.0,0.0,10.6,1.9,31.9,84.1,1.9,19.3,2.9,7.9,53.9,30.6,26.9,0.1,25.5,0.2,0.0,24.5,7.2,52.3,156.5,3.0,22.6,3.5
8,31.9,静止,NAVIGATING,0.0,0.0,0,/top-app,1017,2188,864,2.9,17.4,10.6,8.7,0.0,13.5,0.0,0.0,12.6,1.9,18.4,56.1,1.0,18.4,1.9,10.7,59.6,44.0,28.4,0.1,12.1,0.1,0.0,27.1,10.3,51.5,141.6,5.8,23.1,6.1
8,32.9,静止,ARRIVED,0.0,0.0,0,/top-app,1017,1920,864,2.9,13.5,5.8,8.7,0.0,16.4,0.0,0.0,10.6,1.9,1.0,33.7,1.9,18.3,1.9,14.2,87.4,0.0,0.0,0.2,20.9,0.2,0.0,29.1,12.8,0.3,86.6,3.7,25.6,2.2
9,1.0,静止,NAVIGATING,0.0,0.0,0,/top-app,1344,1920,864,2.9,15.5,11.7,9.7,0.0,15.5,0.0,0.0,10.7,1.9,2.9,34.0,1.9,18.5,1.9,13.7,61.6,64.7,38.7,0.2,16.3,0.8,0.1,29.6,15.0,25.1,143.3,6.8,30.6,9.9
9,2.0,转向,NAVIGATING,0.0,0.59,0,/top-app,1017,2054,864,2.9,14.5,8.7,5.8,0.0,13.5,0.0,0.0,9.7,1.9,1.0,30.9,1.9,17.4,2.9,12.4,58.0,54.3,46.0,0.2,15.4,0.2,0.0,34.3,11.4,0.9,77.8,4.4,23.1,7.0
9,3.1,转向,NAVIGATING,0.0,0.6,0,/top-app,1113,2592,864,2.9,16.6,9.7,9.7,0.0,16.6,1.0,0.0,12.7,1.9,1.9,35.1,1.0,19.5,2.9,13.9,73.1,56.6,48.5,0.2,36.0,0.1,0.0,36.7,11.1,11.4,119.5,6.3,37.5,10.0
9,4.1,转向,NAVIGATING,0.0,0.6,0,/top-app,1228,2592,864,2.9,13.6,9.7,6.8,0.0,12.6,0.0,0.0,10.7,1.9,27.2,65.2,1.9,17.5,1.9,13.7,58.1,41.4,30.3,0.1,9.2,0.4,0.1,21.5,8.7,24.9,123.8,3.5,20.5,6.8
9,5.1,转向,NAVIGATING,0.0,0.6,0,/top-app,1017,2592,864,1.9,14.5,9.7,7.7,1.0,19.3,0.0,0.0,10.6,1.9,24.1,72.4,1.9,19.3,1.9,14.7,74.7,52.6,31.4,0.4,37.2,0.1,0.0,19.8,8.2,104.9,170.0,4.0,27.5,7.3
9,6.2,转向,NAVIGATING,0.0,0.6,0,/top-app,1017,2188,864,3.9,14.5,8.7,7.7,0.0,12.5,0.0,0.0,12.5,1.9,2.9,28.0,1.0,16.4,2.9,13.8,80.4,67.2,31.4,0.3,16.3,0.0,0.0,29.8,11.4,1.3,93.3,5.2,25.6,9.4
9,7.2,转向,NAVIGATING,0.0,0.12,0,/top-app,1017,2188,864,2.9,16.4,10.6,7.7,0.0,21.2,0.0,0.0,11.6,1.9,1.9,43.3,1.9,19.3,2.9,14.2,73.1,49.0,38.3,0.0,41.4,0.3,0.1,30.8,13.9,7.6,138.8,5.8,36.4,10.4
9,8.2,静止,NAVIGATING,0.0,0.02,0,/top-app,1017,2592,864,2.9,15.4,10.6,8.7,0.0,8.7,0.0,0.0,9.6,2.9,1.0,20.2,1.0,17.3,2.9,14.7,96.7,59.0,54.4,0.5,12.4,0.0,0.0,29.1,11.8,1.3,107.4,6.7,27.7,8.0
9,9.3,静止,NAVIGATING,0.02,0.02,0,/top-app,1344,2457,864,1.9,15.5,9.7,8.7,0.0,23.2,0.0,0.0,11.6,1.9,2.9,48.3,1.9,19.3,1.9,17.0,76.2,53.9,42.2,1.2,37.4,0.3,0.0,28.8,10.0,13.8,129.6,8.4,41.2,8.2
9,10.3,直行,NAVIGATING,0.55,0.03,0,/top-app,1017,2803,3360,3.9,13.6,8.7,7.8,0.0,7.8,0.0,0.0,10.7,1.9,19.4,44.7,1.9,18.5,2.9,17.1,70.5,70.2,47.5,0.1,13.6,0.3,0.3,36.1,19.7,38.7,161.3,6.0,27.6,10.6
9,11.3,直行,NAVIGATING,0.6,0.0,0,/top-app,1344,2803,864,2.0,13.8,8.8,8.8,0.0,19.7,0.0,0.0,9.8,2.0,26.5,78.6,1.0,16.7,2.0,18.5,61.1,54.8,33.5,0.1,15.3,0.1,0.0,28.7,12.3,86.2,206.7,8.8,24.4,5.7
9,12.3,直行,NAVIGATING,0.6,0.0,0,/top-app,1017,2803,864,3.9,16.7,10.8,9.8,0.0,7.9,0.0,0.0,12.8,2.0,0.0,18.7,2.9,22.6,2.0,13.8,101.3,81.4,74.2,0.3,6.0,0.2,0.0,40.2,28.0,1.4,111.7,4.3,59.0,5.0
9,13.4,直行,NAVIGATING,0.6,0.0,0,/top-app,1017,2803,864,3.0,15.7,9.8,9.8,0.0,23.6,1.0,0.0,11.8,1.0,3.0,50.2,1.0,17.7,3.0,12.2,69.9,57.0,37.7,0.2,40.8,0.2,0.1,41.3,10.8,12.6,141.8,7.0,32.4,8.8
9,14.4,直行,NAVIGATING,0.6,0.0,0,/top-app,1344,2803,2956,2.0,15.7,9.8,9.8,1.0,7.9,0.0,0.0,10.8,2.0,1.0,14.7,2.0,19.7,2.9,12.7,70.0,52.0,35.4,1.0,3.4,0.2,0.0,35.1,8.5,1.6,100.0,7.4,37.3,12.6
9,15.4,直行,NAVIGATING,0.6,0.01,0,/top-app,1017,2803,864,3.9,15.7,10.8,9.8,0.0,24.6,0.0,0.0,12.8,2.9,3.9,49.1,1.0,19.7,2.9,12.8,59.3,35.9,33.4,0.1,35.7,0.2,0.0,24.7,10.8,7.8,134.6,6.8,13.9,7.8
9,16.4,直行,NAVIGATING,0.59,0.29,0,/top-app,1017,2803,864,2.9,15.7,8.8,9.8,0.0,6.9,0.0,0.0,11.8,2.0,10.8,38.3,2.0,17.7,1.0,12.9,65.0,53.9,64.0,0.1,8.3,0.2,0.0,39.0,11.8,31.4,121.6,5.9,29.2,7.8
9,17.4,直行,NAVIGATING,0.59,0.55,0,/top-app,1017,2803,3360,3.0,14.8,9.8,8.9,1.0,19.7,0.0,0.0,11.8,2.0,32.5,87.6,2.0,17.7,3.0,12.8,53.0,39.0,42.3,0.3,18.2,0.2,0.0,23.5,11.1,103.4,209.6,5.4,18.6,6.9
9,18.5,直行,NAVIGATING,0.6,0.54,0,/top-app,1017,2323,864,2.9,15.4,8.7,10.6,0.0,6.7,0.0,0.0,11.5,1.9,1.9,13.5,1.0,18.3,1.9,18.9,64.2,63.8,44.1,0.1,4.6,1.4,0.1,32.3,13.8,1.5,128.0,8.5,40.8,7.9
9,19.5,直行,NAVIGATING,0.61,0.18,0,/top-app,1017,1920,864,1.9,14.4,10.6,8.7,0.0,23.1,0.0,0.0,10.6,1.9,1.9,50.0,1.9,18.3,2.9,14.1,64.2,50.6,45.4,0.0,33.7,0.4,0.0,28.0,11.1,9.7,131.4,4.7,23.8,5.7
9,20.5,直行,NAVIGATING,0.6,0.04,0,/top-app,1017,2803,864,3.9,17.5,10.7,9.7,0.0,8.8,0.0,0.0,12.7,1.9,1.0,17.5,1.0,20.4,2.9,17.8,97.4,75.5,45.0,0.6,13.2,0.1,0.0,47.7,15.4,2.0,102.1,6.1,55.4,9.1
9,21.6,直行,NAVIGATING,0.6,0.01,0,/top-app,1017,2457,864,2.9,14.5,8.7,9.6,0.0,24.1,0.0,0.0,10.6,2.9,2.9,49.2,2.9,19.3,1.9,11.9,75.2,43.2,37.6,0.0,55.9,0.1,1.3,38.9,10.4,24.0,137.0,7.6,30.2,7.1
9,22.6,直行,NAVIGATING,0.6,0.0,0,/top-app,1017,2592,864,2.9,15.4,10.6,9.6,0.0,6.7,0.0,0.0,11.6,1.0,12.5,28.9,1.0,18.3,2.9,11.3,64.5,53.3,36.8,0.2,4.1,0.2,0.1,29.1,12.3,9.5,93.6,5.0,24.7,7.8
9,23.7,直行,NAVIGATING,0.6,0.01,0,/top-app,1017,2457,864,1.9,15.4,10.6,8.6,0.0,19.2,0.0,0.0,11.5,1.9,30.7,91.3,1.9,18.3,2.9,8.6,41.4,28.0,21.4,0.1,16.4,0.1,0.0,21.2,5.0,128.1,170.1,4.9,12.6,6.1
9,24.7,直行,NAVIGATING,0.39,0.0,0,/top-app,1017,2457,864,2.9,15.4,8.7,7.7,0.0,7.7,1.9,0.0,11.5,1.9,1.0,21.1,1.0,17.3,1.9,13.2,74.6,57.2,34.4,0.1,13.7,0.6,0.1,33.9,9.6,1.2,104.9,7.1,35.3,7.8
9,25.7,静止,NAVIGATING,0.01,0.0,0,/top-app,1017,2592,864,3.9,13.5,9.6,8.7,1.0,23.2,0.0,0.0,11.6,2.9,3.9,43.4,1.9,15.4,1.9,10.2,59.5,38.9,22.0,0.1,24.0,0.1,0.0,24.5,9.0,21.9,138.1,5.8,19.0,6.7
9,26.8,进站,NAVIGATING,0.2,0.0,0,/top-app,1785,2054,864,1.9,15.4,9.6,9.6,0.0,8.7,0.0,0.0,11.6,1.0,2.9,21.2,1.9,18.3,2.9,13.4,78.9,76.8,40.9,0.6,12.9,0.5,0.0,42.4,11.9,15.8,112.6,6.3,50.7,8.5
9,27.8,进站,NAVIGATING,0.2,0.0,0,/top-app,1017,2188,864,2.9,15.5,9.7,7.7,0.0,22.2,0.0,0.0,10.6,2.9,1.0,42.6,1.0,18.4,1.9,18.3,82.9,60.9,38.6,0.1,44.4,0.4,0.2,31.3,11.1,15.0,138.0,6.3,21.6,8.7
9,28.8,进站,NAVIGATING,0.13,0.0,0,/top-app,1555,2592,864,2.9,15.6,9.7,8.7,0.0,8.7,0.0,0.0,11.7,1.0,10.7,33.1,1.9,18.5,3.9,21.5,74.9,54.3,33.8,0.3,9.1,0.2,0.0,34.6,10.2,50.6,144.9,5.8,35.0,9.8
9,29.9,进站,NAVIGATING,0.03,0.0,0,/top-app,1017,2592,864,3.9,15.6,8.8,6.8,0.0,16.5,0.0,0.0,11.7,2.9,30.2,81.7,1.9,16.5,1.9,11.6,57.6,41.1,33.3,0.2,16.6,0.0,0.1,26.6,8.9,62.8,144.0,3.6,23.0,6.2
9,30.9,静止,NAVIGATING,0.01,0.0,0,/top-app,1017,2457,864,2.9,15.4,10.6,8.7,0.0,12.5,0.0,0.0,11.6,1.9,2.9,29.9,1.0,19.3,1.9,16.9,66.4,54.5,35.8,0.2,8.3,0.3,0.0,29.2,12.2,14.0,143.7,7.7,35.7,9.7
9,31.9,静止,NAVIGATING,0.0,0.0,0,/top-app,1017,2188,864,1.9,14.4,10.6,6.7,0.0,17.3,0.0,0.0,11.6,1.9,1.9,37.6,1.9,17.3,1.9,14.6,81.9,65.5,43.3,0.5,34.1,0.1,0.0,35.0,12.8,1.0,109.0,6.3,36.2,9.3
9,33.0,静止,ARRIVED,0.0,0.0,0,/top-app,1017,2592,864,3.9,14.6,6.8,10.7,0.0,14.6,0.0,0.0,10.7,1.9,1.9,27.3,1.0,18.5,2.9,13.0,51.9,0.0,0.0,0.1,13.1,0.4,0.0,22.3,10.4,10.3,111.2,5.0,18.5,2.6
10,1.0,静止,NAVIGATING,0.0,0.0,0,/top-app,1017,2592,864,1.9,14.5,9.7,6.8,0.0,14.5,0.0,0.0,9.7,1.9,1.9,35.8,2.9,15.5,1.9,14.2,70.0,61.8,50.7,0.0,19.9,0.2,0.5,24.9,10.5,8.4,90.8,5.0,30.0,7.8
10,2.0,转向,NAVIGATING,0.0,0.59,0,/top-app,1900,2457,864,2.9,16.4,8.7,8.7,1.0,15.5,1.0,0.0,11.6,1.9,12.6,45.4,1.0,18.4,2.9,12.3,72.9,32.4,52.5,0.9,13.4,0.2,0.1,30.8,10.0,60.9,169.7,3.8,24.0,7.9
10,3.1,转向,NAVIGATING,0.0,0.6,0,/top-app,1017,2054,864,2.9,15.5,9.7,7.8,0.0,11.6,0.0,0.0,10.7,2.9,32.0,72.8,1.0,19.4,1.9,13.1,77.2,45.9,58.4,0.0,7.8,0.0,0.0,35.1,10.2,72.1,133.2,7.3,19.9,4.2
10,4.1,转向,NAVIGATING,0.0,0.6,0,/top-app,1017,2457,864,2.9,16.4,10.6,8.7,0.0,17.4,1.0,0.0,12.6,1.0,2.9,36.7,1.9,18.3,2.9,11.7,81.4,49.3,52.4,0.1,23.2,0.3,0.1,24.3,12.7,15.0,123.1,5.2,28.1,7.9
10,5.2,转向,NAVIGATING,0.0,0.6,0,/top-app,1017,2592,864,2.9,16.3,10.6,8.6,0.0,14.4,0.0,0.0,12.5,2.9,1.0,28.8,1.9,19.2,1.9,17.9,99.8,71.0,57.3,0.3,17.4,0.0,0.0,40.5,14.4,2.5,102.3,5.6,36.0,7.2
10,6.2,转向,NAVIGATING,0.0,0.59,0,/top-app,1017,2457,864,2.9,15.4,8.7,7.7,0.0,19.3,0.0,0.0,10.6,1.9,2.9,40.5,1.9,18.3,2.9,13.3,66.6,38.6,34.8,0.1,30.3,0.0,0.0,30.0,9.0,0.0,117.3,5.2,28.7,6.6
10,7.2,转向,NAVIGATING,0.0,0.12,0,/top-app,1017,2592,864,2.9,13.5,8.7,6.7,1.0,9.6,0.0,0.0,9.6,1.9,1.0,22.1,1.0,15.4,1.9,14.9,71.7,48.6,53.2,0.1,19.8,0.3,0.0,26.6,14.7,1.9,100.3,4.3,30.1,10.1
10,8.3,静止,NAVIGATING,0.0,0.02,0,/top-app,1113,2592,864,2.9,15.5,9.7,7.8,0.0,21.4,0.0,0.0,10.7,1.9,16.5,56.3,1.0,19.4,2.9,16.2,73.0,41.1,35.1,0.6,23.4,0.3,0.0,33.4,16.8,31.7,120.5,5.0,25.4,7.7
10,9.3,静止,NAVIGATING,0.0,0.0,0,/top-app,1017,2592,864,2.9,15.5,8.7,7.7,0.0,6.8,0.0,0.0,9.7,1.0,26.1,63.8,1.9,15.5,1.9,10.2,52.4,50.7,42.9,0.0,2.2,0.0,0.0,22.6,10.5,65.1,118.1,5.3,13.8,6.0
10,10.3,直行,NAVIGATING,0.57,0.03,0,/top-app,1017,2803,864,2.9,14.6,9.7,9.7,0.0,23.3,0.0,0.0,11.7,1.9,2.9,46.6,1.9,19.4,2.9,14.4,87.2,77.5,43.5,0.0,56.1,0.3,0.1,39.6,10.3,10.8,115.8,14.7,26.7,14.2
10,11.3,直行,NAVIGATING,0.6,0.0,0,/top-app,1017,2803,864,2.9,17.7,9.8,9.8,0.0,7.9,1.0,0.0,11.8,2.0,1.0,21.6,2.0,19.6,2.0,20.8,78.0,63.5,54.8,0.6,14.1,0.1,0.0,33.8,13.0,0.5,107.1,6.2,36.3,9.8
10,12.4,直行,NAVIGATING,0.6,0.01,0,/top-app,2016,2803,864,2.0,15.7,9.8,8.8,0.0,22.6,0.0,0.0,10.8,2.0,5.9,41.2,1.0,18.6,2.9,14.2,74.5,50.3,31.8,0.2,27.4,0.2,0.0,30.1,9.1,16.8,180.4,5.5,20.7,5.5
10,13.4,直行,NAVIGATING,0.6,0.0,0,/top-app,1017,2803,3187,3.9,14.8,9.8,9.8,0.0,6.9,0.0,0.0,11.8,2.0,1.0,19.7,2.0,17.7,1.0,20.0,85.7,62.2,56.6,0.0,6.1,0.3,0.1,37.4,13.9,1.5,111.1,7.2,28.2,7.3
10,14.4,直行,NAVIGATING,0.6,0.0,0,/top-app,1017,2803,864,2.0,17.7,10.8,10.8,0.0,22.6,0.0,0.0,11.8,2.9,15.7,60.9,1.0,20.6,2.9,12.4,66.6,53.1,47.4,1.1,25.6,0.1,0.0,24.7,10.9,29.9,153.6,7.6,29.1,9.5
10,15.4,直行,NAVIGATING,0.6,0.0,0,/top-app,1017,2803,864,3.0,13.8,7.9,8.9,0.0,6.9,0.0,0.0,10.8,1.0,29.5,68.9,2.0,17.7,3.0,10.5,63.0,37.0,40.0,0.2,4.8,0.0,0.0,22.8,11.9,63.3,136.2,4.6,20.4,6.5
10,16.4,直行,NAVIGATING,0.58,0.3,0,/top-app,1017,2803,864,2.9,15.7,10.8,9.8,0.0,23.6,1.0,0.0,10.8,2.0,3.9,47.2,2.0,18.7,2.0,11.7,66.5,48.8,40.3,0.3,33.7,0.2,0.1,32.8,10.2,13.5,122.5,7.2,21.1,6.4
10,17.5,直行,NAVIGATING,0.59,0.56,0,/top-app,1017,1920,864,2.9,15.7,8.8,9.8,0.0,6.9,0.0,0.0,11.7,2.0,0.0,16.6,1.0,18.6,2.0,12.5,70.7,49.2,47.1,0.5,3.4,0.0,0.0,29.7,13.0,1.3,93.7,7.1,31.9,6.0
10,18.5,直行,NAVIGATING,0.6,0.54,0,/top-app,1017,2592,864,2.9,16.5,10.6,9.7,0.0,24.2,0.0,0.0,11.6,1.9,2.9,48.4,1.9,18.4,2.9,15.9,77.7,52.1,40.3,0.3,43.9,0.2,0.1,36.1,14.2,3.3,168.5,7.4,31.5,10.7
10,19.5,直行,NAVIGATING,0.61,0.19,0,/top-app,1017,2803,864,3.9,15.7,10.8,9.8,0.0,7.9,0.0,0.0,12.8,2.0,1.0,18.7,2.0,19.7,3.0,16.5,76.4,60.5,54.2,0.1,6.6,0.0,0.0,37.0,9.3,1.4,98.8,6.5,19.7,13.0
10,20.5,直行,NAVIGATING,0.6,0.04,0,/top-app,1017,2707,864,2.9,16.4,9.6,8.7,1.0,22.2,0.0,0.0,9.6,1.9,12.5,54.0,1.0,17.4,1.9,11.7,66.3,46.2,31.6,0.2,19.7,0.2,0.0,20.9,12.3,27.7,121.9,3.7,17.6,5.9
10,21.6,直行,NAVIGATING,0.6,0.01,0,/top-app,1017,2457,864,2.9,14.5,8.7,9.7,0.0,8.7,0.0,0.0,11.6,2.9,32.9,75.5,1.9,18.4,2.9,7.9,61.1,39.2,40.1,0.1,4.5,0.0,0.1,17.1,7.4,69.0,120.7,5.1,21.0,4.0
10,22.6,直行,NAVIGATING,0.6,0.01,0,/top-app,1017,2054,864,1.9,14.5,9.6,8.7,0.0,21.2,0.0,0.0,10.6,1.0,9.6,50.2,1.0,18.3,1.9,10.6,76.8,54.6,49.9,0.3,32.6,0.1,0.0,27.6,10.4,35.5,123.6,4.5,37.1,12.2
10,23.6,直行,NAVIGATING,0.6,0.0,0,/top-app,1017,2457,864,2.9,17.4,10.6,9.7,0.0,8.7,1.0,0.0,12.6,1.9,1.0,21.3,1.9,21.3,2.9,16.9,86.2,68.7,47.0,0.1,10.3,0.7,0.0,43.7,13.3,2.2,126.4,5.6,43.0,8.1
10,24.7,直行,NAVIGATING,0.4,0.0,0,/top-app,1017,2323,864,2.9,14.4,7.7,7.7,0.0,22.1,0.0,1.0,9.6,1.9,2.9,45.2,1.9,16.3,1.9,20.7,106.9,54.2,46.7,0.3,55.0,0.2,0.2,40.3,16.2,7.6,145.1,8.5,32.0,8.5
10,25.7,静止,NAVIGATING,0.01,0.0,0,/top-app,1344,2188,864,2.9,17.3,9.6,8.7,0.0,7.7,0.0,0.0,12.5,2.9,1.0,18.3,1.0,19.2,2.9,18.8,100.5,57.5,65.2,0.4,8.4,0.3,0.1,30.6,11.6,1.1,115.4,7.1,51.0,9.6
10,26.8,进站,NAVIGATING,0.19,0.02,0,/top-app,1017,2457,864,2.9,14.6,9.7,9.7,0.0,23.4,0.0,0.0,10.7,1.9,3.9,47.7,1.0,17.5,1.9,11.4,61.0,48.5,39.0,0.1,38.8,0.0,0.0,31.9,13.7,9.9,115.8,7.1,21.4,7.5
10,27.8,进站,NAVIGATING,0.2,0.0,0,/top-app,1900,1920,864,1.9,15.5,9.7,8.7,0.0,7.8,0.0,0.0,10.7,1.0,36.8,71.8,1.9,18.4,2.9,11.2,61.2,38.1,29.1,0.1,3.3,0.2,0.0,19.0,9.1,87.9,146.1,3.8,19.6,7.0
10,28.8,进站,NAVIGATING,0.13,0.0,0,/top-app,1017,2592,864,3.9,15.4,9.6,7.7,1.0,19.3,0.0,0.0,10.6,2.9,12.5,54.0,1.9,16.4,1.9,12.4,65.3,37.0,38.9,0.3,14.5,0.3,0.1,25.5,10.5,75.1,140.3,4.4,19.3,8.7
10,29.8,进站,NAVIGATING,0.02,0.0,0,/top-app,1113,2592,864,2.9,17.5,10.7,8.8,0.0,8.8,0.0,0.0,12.6,1.9,2.9,23.3,2.9,19.4,2.9,14.2,88.7,57.6,37.0,0.1,4.2,0.4,0.0,24.2,15.0,7.3,97.3,5.2,21.6,7.9
10,30.9,静止,NAVIGATING,0.01,0.0,0,/top-app,1017,2803,864,1.9,15.6,8.8,7.8,0.0,20.5,0.0,0.0,10.7,1.9,1.0,40.0,1.0,18.5,1.9,13.6,83.7,55.6,41.8,0.1,35.8,0.4,0.2,30.7,13.3,3.9,113.9,7.2,31.2,8.3
10,31.9,静止,NAVIGATING,0.0,0.0,0,/top-app,1113,2592,864,3.9,16.4,10.6,7.7,1.0,10.6,0.0,0.0,11.6,1.9,2.9,27.1,1.9,17.4,2.9,17.4,73.7,50.4,44.4,0.3,15.7,0.7,0.0,36.0,9.8,13.4,138.6,5.6,35.4,7.0
10,32.9,静止,NAVIGATING,0.0,0.0,0,/top-app,1017,2188,864,1.9,14.5,8.7,10.6,0.0,17.4,0.0,0.0,9.7,1.9,1.0,31.9,1.0,16.4,1.9,13.9,77.4,50.6,53.2,0.1,17.7,0.0,0.0,24.9,15.4,2.6,105.2,4.7,28.9,8.7
10,34.0,静止,NAVIGATING,0.0,0.0,0,/top-app,1670,2323,864,2.9,14.5,9.7,5.8,0.0,12.5,1.0,0.0,9.7,1.0,29.0,68.5,1.9,16.4,2.9,17.0,64.2,43.2,32.2,0.4,11.1,0.2,0.1,25.2,14.2,96.8,170.2,4.5,24.2,7.1
10,35.0,静止,ARRIVED,0.0,0.0,0,/top-app,1017,2457,864,2.9,12.6,4.8,9.7,0.0,11.6,0.0,0.0,9.7,2.9,13.5,42.6,1.0,18.4,1.0,11.6,39.2,0.0,0.0,0.1,19.4,0.2,0.0,20.8,8.9,43.2,80.8,4.0,24.5,2.0
11,1.0,转向,NAVIGATING,0.01,0.36,0,/top-app,1017,2323,864,2.9,15.4,10.6,8.7,0.0,15.4,0.0,0.0,10.6,1.9,2.9,35.7,1.0,17.3,1.9,13.5,91.9,87.3,44.0,0.0,31.4,0.8,0.0,30.9,10.4,22.6,135.8,4.8,40.5,4.6
11,2.0,转向,NAVIGATING,0.0,0.6,0,/top-app,1017,2592,864,2.9,16.5,9.7,7.8,0.0,16.5,0.0,0.0,12.6,1.0,1.0,32.0,1.9,19.4,2.9,13.8,90.5,80.3,66.2,0.0,32.7,0.3,0.0,26.5,14.3,4.9,112.4,6.0,28.6,6.3
11,3.1,转向,NAVIGATING,0.0,0.6,0,/top-app,1785,2803,864,2.9,17.6,10.8,8.8,1.0,17.6,0.0,0.0,11.8,2.9,3.9,39.2,2.0,18.6,2.0,14.2,83.4,59.1,41.9,0.1,16.7,0.4,0.0,29.7,12.6,14.0,115.7,5.9,27.7,6.7
11,4.1,转向,NAVIGATING,0.0,0.6,0,/top-app,1017,2803,864,2.9,15.5,9.7,7.8,0.0,11.6,0.0,0.0,9.7,1.9,0.0,27.1,1.9,18.4,2.9,15.0,88.3,62.4,35.2,0.0,14.7,0.1,0.0,22.9,13.9,1.7,105.8,4.4,32.0,8.2
11,5.1,转向,NAVIGATING,0.0,0.6,0,/top-app,2016,2457,864,2.9,16.5,8.7,7.8,0.0,19.4,0.0,0.0,12.6,2.9,31.1,74.8,1.9,19.4,2.9,12.5,91.4,53.9,28.7,0.0,27.4,0.5,0.0,20.6,11.1,76.5,203.0,5.2,26.4,8.7
11,6.2,转向,NAVIGATING,0.0,0.25,0,/top-app,1017,2592,864,2.9,13.5,9.6,7.7,0.0,7.7,0.0,0.0,9.6,1.0,11.5,36.6,1.0,17.3,1.9,13.8,106.1,66.3,36.7,0.2,5.8,0.1,0.0,28.0,10.4,38.6,124.3,5.4,32.5,9.2
11,7.2,静止,NAVIGATING,0.0,0.05,0,/top-app,1017,2592,864,2.9,17.5,9.7,8.7,0.0,19.4,1.0,0.0,11.6,1.9,2.9,41.7,1.9,18.4,2.9,14.1,75.9,53.5,39.4,0.0,28.4,0.7,0.0,27.7,10.4,12.6,115.2,5.1,31.1,5.6
11,8.2,静止,NAVIGATING,0.0,0.0,0,/top-app,1017,2592,864,2.9,17.4,9.6,7.7,0.0,11.6,1.0,0.0,11.6,1.9,1.0,27.0,1.0,19.3,2.9,12.8,96.6,65.3,42.5,0.0,27.0,0.2,0.1,42.4,14.5,2.0,105.9,5.2,35.4,7.2
11,9.3,直行,NAVIGATING,0.27,0.03,0,/top-app,1113,2592,864,2.9,16.4,10.6,9.7,0.0,23.2,0.0,0.0,11.6,1.9,2.9,42.5,1.9,20.3,1.9,11.6,95.1,49.4,35.7,0.3,33.3,0.3,0.0,29.5,12.9,12.3,112.8,5.3,32.5,7.8
11,10.3,直行,NAVIGATING,0.6,0.01,0,/top-app,1017,2803,3360,2.9,17.4,9.7,9.7,0.0,7.7,0.0,0.0,12.6,1.9,1.0,23.2,1.9,19.3,3.9,17.7,115.1,85.9,39.9,0.1,15.7,0.0,0.0,44.1,12.7,3.9,106.6,8.1,29.2,9.7
11,11.3,直行,NAVIGATING,0.6,0.0,0,/top-app,1344,2803,864,2.9,15.7,10.8,9.8,0.0,20.6,0.0,0.0,9.8,2.9,33.3,76.3,2.0,17.6,2.0,11.7,82.7,39.4,30.1,0.1,28.4,0.1,0.1,26.9,7.9,95.5,167.5,4.7,76.8,3.9
11,12.3,直行,NAVIGATING,0.6,0.0,0,/top-app,1017,2803,3360,3.0,15.7,8.9,8.9,1.0,7.9,0.0,0.0,11.8,1.0,11.8,40.3,2.0,19.7,2.0,16.4,82.6,60.9,53.6,0.5,4.1,0.2,0.0,37.4,9.9,43.8,124.4,7.0,25.5,6.0
11,13.4,直行,NAVIGATING,0.6,0.0,0,/top-app,1017,2592,864,2.9,15.7,9.8,8.8,0.0,22.6,0.0,0.0,10.8,2.9,3.9,49.1,1.0,17.7,2.9,13.7,91.3,53.1,36.5,0.1,44.0,0.1,0.0,26.1,15.4,7.7,133.4,7.3,16.4,10.4
11,14.4,直行,NAVIGATING,0.6,0.0,0,/top-app,1017,2803,864,2.9,14.7,9.8,8.8,0.0,5.9,0.0,0.0,11.8,1.0,0.0,17.7,2.0,17.7,2.0,11.3,85.2,65.6,41.4,0.0,9.1,0.6,0.1,26.9,13.6,1.5,92.7,4.1,30.7,7.4
11,15.4,直行,NAVIGATING,0.6,0.07,0,/top-app,1017,2803,864,3.0,17.7,9.8,10.8,0.0,24.6,0.0,0.0,11.8,2.0,3.9,49.2,1.0,18.7,2.0,15.6,74.2,55.7,27.3,0.1,41.4,0.2,0.0,24.9,7.5,7.7,135.8,5.5,34.4,7.3
11,16.4,直行,NAVIGATING,0.59,0.48,0,/top-app,1017,2188,864,2.9,16.5,10.7,9.7,0.0,6.8,0.0,1.0,12.6,2.9,0.0,17.5,1.9,20.4,2.9,16.0,124.0,62.7,53.3,0.0,6.6,0.1,0.1,30.1,19.3,2.0,97.2,6.8,37.2,8.6
11,17.4,直行,NAVIGATING,0.6,0.56,0,/top-app,1017,2323,864,2.9,15.7,9.8,9.8,0.0,20.6,0.0,0.0,11.8,2.0,28.4,73.6,2.0,17.7,2.0,12.2,62.4,60.9,26.2,0.2,20.3,0.1,0.0,19.6,12.7,89.6,206.4,4.4,23.3,4.1
11,18.5,直行,NAVIGATING,0.61,0.43,0,/top-app,1017,2803,864,2.9,15.6,8.8,8.8,0.0,7.8,0.0,0.0,11.7,1.9,15.6,44.7,1.0,19.4,2.9,12.6,75.2,69.1,40.1,0.1,5.8,0.1,0.0,23.8,8.9,66.0,110.2,4.7,23.6,3.6
11,19.5,直行,NAVIGATING,0.6,0.02,0,/top-app,1228,2803,864,2.0,15.7,9.8,8.8,1.0,23.6,0.0,0.0,10.8,2.0,2.9,47.2,2.0,17.7,2.9,17.5,78.4,66.3,43.0,0.1,56.6,0.3,0.1,36.6,13.9,18.1,154.2,7.8,29.7,5.0
11,20.5,直行,NAVIGATING,0.6,0.04,0,/top-app,1017,2592,864,2.9,15.4,8.6,8.6,0.0,7.7,0.0,0.0,9.6,1.9,1.0,22.1,1.0,18.2,1.9,15.1,63.8,65.2,34.6,0.1,5.7,0.0,0.0,31.5,10.3,2.4,114.4,4.9,32.7,5.3
11,21.6,直行,NAVIGATING,0.6,0.0,0,/top-app,1017,2188,864,2.9,14.5,9.7,8.7,0.0,22.3,1.0,0.0,11.6,1.9,3.9,47.4,1.9,17.4,1.9,14.3,75.7,64.3,47.5,1.1,49.6,0.3,0.0,33.9,13.8,5.0,154.7,7.0,33.9,7.1
11,22.6,直行,NAVIGATING,0.6,0.0,0,/top-app,1017,1651,864,3.9,17.4,10.6,9.7,0.0,7.7,0.0,0.0,11.6,1.9,0.0,16.4,1.9,18.4,2.9,17.1,95.8,74.9,49.8,0.0,5.5,0.5,0.0,24.8,11.2,2.5,101.0,6.0,36.2,7.5
11,23.6,直行,NAVIGATING,0.52,0.0,0,/top-app,1017,2592,864,2.9,15.4,8.7,8.7,0.0,20.2,1.0,0.0,10.6,1.9,27.0,75.1,1.0,18.3,1.9,17.0,77.6,48.1,48.6,0.1,25.2,0.1,0.0,12.8,9.4,68.6,181.0,4.0,30.3,4.6
11,24.7,进站,NAVIGATING,0.18,0.0,0,/top-app,1017,2592,864,2.9,16.4,10.6,8.7,0.0,7.7,1.0,0.0,11.6,1.9,22.2,52.0,1.9,19.3,2.9,8.4,80.0,60.0,30.1,0.0,9.0,0.1,0.0,19.3,12.5,47.9,92.1,5.9,29.5,7.0
11,25.7,进站,NAVIGATING,0.02,0.0,0,/top-app,1017,2457,864,1.9,15.3,9.6,10.6,0.0,24.0,0.0,0.0,11.5,1.9,2.9,48.0,1.9,18.2,2.9,14.3,141.5,63.4,47.7,0.0,54.5,0.1,0.0,24.8,11.7,13.5,143.1,7.3,52.8,14.6
11,26.8,进站,NAVIGATING,0.2,0.0,0,/top-app,1228,1651,864,3.9,17.4,9.7,7.8,0.0,7.8,0.0,0.0,11.6,1.9,2.9,19.4,1.9,18.4,2.9,17.2,111.9,73.5,52.2,0.0,7.8,0.1,0.0,26.5,13.4,3.4,105.0,5.6,30.0,7.1
11,27.8,进站,NAVIGATING,0.2,0.0,0,/top-app,1017,2188,864,1.9,15.5,8.7,7.7,0.0,22.2,0.0,0.0,10.6,2.9,1.0,45.4,1.9,18.4,1.9,13.0,94.0,45.9,40.7,0.8,36.5,0.0,0.0,29.7,12.6,6.6,155.1,5.6,44.7,11.1
11,28.8,进站,NAVIGATING,0.06,0.0,0,/top-app,1017,2457,864,3.9,17.5,11.6,9.7,0.0,7.8,0.0,0.0,12.6,1.0,2.9,23.3,1.0,18.4,2.9,13.7,96.4,76.3,34.8,0.0,6.7,0.3,0.2,31.4,12.6,12.6,149.1,4.4,43.8,12.3
11,29.9,静止,NAVIGATING,0.01,0.0,0,/top-app,1017,2457,864,1.9,11.6,7.7,4.8,1.0,16.4,0.0,0.0,7.7,1.9,23.1,66.5,1.0,13.5,1.0,14.6,72.5,55.2,30.3,0.3,25.1,0.2,0.2,15.6,10.6,42.3,133.8,4.1,13.4,5.3
11,30.9,静止,NAVIGATING,0.0,0.0,0,/top-app,1113,2803,864,2.9,16.6,8.8,8.8,0.0,11.7,0.0,0.0,11.7,2.9,25.4,61.4,2.0,18.5,2.9,10.7,78.0,68.6,33.1,0.5,15.2,0.3,0.0,22.1,8.9,64.9,166.1,5.6,20.5,12.8
11,31.9,静止,ARRIVED,0.0,0.0,0,/top-app,1017,1920,864,2.9,14.5,8.7,9.7,0.0,19.3,0.0,0.0,10.6,1.0,1.0,39.6,1.9,18.4,1.9,15.0,92.1,0.0,0.0,0.3,45.1,0.5,0.2,21.9,15.0,1.2,129.8,8.1,20.7,7.9
12,1.0,静止,NAVIGATING,0.0,0.0,0,/top-app,1017,2188,864,2.9,17.4,10.6,7.7,0.0,13.5,0.0,0.0,10.6,2.9,1.9,29.9,1.0,18.3,2.9,15.8,111.3,118.6,49.3,0.4,20.8,0.2,0.1,23.1,16.0,9.9,106.5,5.9,33.4,7.0
12,2.1,转向,NAVIGATING,0.0,0.59,0,/top-app,1017,1920,864,2.9,15.4,8.7,7.7,0.0,15.4,1.0,0.0,10.6,1.9,1.9,36.6,1.9,17.4,1.9,18.5,109.3,74.3,45.1,0.1,28.4,0.1,0.0,28.0,16.4,1.6,130.0,7.5,40.2,9.3
12,3.1,转向,NAVIGATING,0.0,0.6,0,/top-app,1017,2323,864,2.9,16.5,10.6,7.7,0.0,14.5,0.0,0.0,12.6,1.9,1.9,31.0,1.9,19.4,2.9,14.2,108.8,71.5,49.9,0.0,24.5,0.2,0.0,36.1,14.2,11.1,109.5,5.2,35.5,7.5
12,4.1,转向,NAVIGATING,0.0,0.59,0,/top-app,1344,2592,864,2.9,15.5,8.7,7.7,0.0,16.4,1.0,0.0,10.6,1.9,22.2,59.9,1.0,18.4,2.9,13.1,68.4,55.4,29.5,0.2,28.6,0.5,0.0,16.9,8.2,26.2,130.8,4.0,19.4,5.3
12,5.2,转向,NAVIGATING,0.0,0.6,0,/top-app,1228,1920,864,2.9,15.4,8.7,7.7,0.0,17.4,0.0,0.0,11.6,1.9,32.8,83.0,1.9,17.4,1.9,7.9,62.9,54.2,27.8,0.2,17.4,0.1,0.0,14.8,8.7,100.0,158.5,3.3,24.8,3.8
12,6.2,转向,NAVIGATING,0.0,0.59,0,/top-app,1017,2457,864,1.9,14.4,8.7,8.7,0.0,11.5,0.0,0.0,10.6,1.9,0.0,25.0,1.9,18.3,1.9,13.0,91.6,77.3,36.9,0.1,24.5,0.1,0.0,32.4,13.7,1.8,107.0,5.5,28.0,7.4
12,7.2,转向,NAVIGATING,0.0,0.12,0,/top-app,1017,2457,864,3.8,17.3,10.6,7.7,1.0,19.2,0.0,0.0,12.5,1.9,2.9,40.4,1.0,18.3,2.9,18.0,107.1,62.7,39.3,0.5,35.5,0.8,0.0,25.5,13.9,9.7,119.4,5.6,27.4,7.3
12,8.3,静止,NAVIGATING,0.0,0.02,0,/top-app,1017,2188,864,2.9,17.5,9.7,8.7,0.0,10.7,0.0,0.0,10.7,1.9,1.0,27.2,1.9,20.4,2.9,21.8,87.3,64.7,44.5,0.1,8.3,0.1,0.0,27.0,13.7,4.4,111.4,6.0,26.8,6.3
12,9.3,静止,NAVIGATING,0.02,0.02,0,/top-app,1017,2323,864,2.9,15.5,8.7,6.8,0.0,21.2,0.0,0.0,10.6,2.9,2.9,39.6,1.9,17.4,1.9,16.4,101.6,91.7,31.2,0.0,42.7,0.6,0.1,24.5,18.3,10.1,127.6,4.9,23.0,6.8
12,10.3,直行,NAVIGATING,0.54,0.03,0,/top-app,1459,1785,864,2.9,15.4,9.6,9.6,0.0,8.7,0.0,0.0,11.6,1.9,18.3,46.3,1.0,18.3,2.9,15.3,85.7,70.4,40.4,0.3,17.1,0.2,0.0,19.9,10.4,14.6,121.9,5.6,29.8,6.1
12,11.4,直行,NAVIGATING,0.6,0.0,0,/top-app,1017,2803,3360,2.9,14.7,8.8,9.8,0.0,19.6,0.0,0.0,10.8,1.0,33.3,84.2,2.9,19.6,2.0,13.2,77.1,67.2,37.1,0.0,17.1,0.2,0.0,29.0,9.3,119.6,160.2,6.1,35.9,5.7
12,12.4,直行,NAVIGATING,0.6,0.0,0,/top-app,1785,2803,3360,3.0,17.7,9.8,8.9,0.0,6.9,0.0,0.0,12.8,3.0,0.0,17.7,1.0,18.7,3.0,14.1,93.4,90.7,49.6,0.0,19.3,0.1,0.0,44.3,20.0,1.4,105.1,12.3,44.5,7.1
12,13.4,直行,NAVIGATING,0.6,0.01,0,/top-app,1113,2803,864,2.9,16.7,9.8,10.8,0.0,23.5,0.0,0.0,11.8,2.0,2.9,47.1,2.0,20.6,2.9,13.4,97.4,59.2,59.0,0.4,52.7,0.4,0.0,39.4,13.1,12.7,144.8,4.5,30.7,6.6
12,14.4,直行,NAVIGATING,0.6,0.0,0,/top-app,1017,2592,864,2.9,13.8,8.8,8.8,1.0,7.9,0.0,0.0,9.8,2.0,2.0,20.6,2.0,16.7,2.0,14.8,93.6,72.7,59.0,0.3,8.7,0.1,0.0,27.5,16.4,3.3,108.9,6.1,36.3,10.2
12,15.4,直行,NAVIGATING,0.6,0.0,0,/top-app,1017,2803,3360,3.0,16.7,8.9,10.8,0.0,22.6,0.0,0.0,11.8,1.0,2.0,47.2,1.0,18.7,2.0,15.4,102.4,62.2,43.9,0.0,45.6,0.5,0.1,31.2,11.4,14.7,142.2,6.7,32.8,7.1
12,16.4,直行,NAVIGATING,0.59,0.28,0,/top-app,1113,2803,864,2.9,15.7,8.8,7.9,0.0,6.9,0.0,0.0,10.8,2.0,7.9,26.5,2.0,18.7,2.9,16.0,92.1,73.1,47.8,0.3,4.8,0.0,0.0,33.6,17.1,15.1,132.3,7.3,39.6,6.2
12,17.5,直行,NAVIGATING,0.59,0.55,0,/top-app,1017,2803,864,2.9,13.8,9.8,9.8,0.0,19.7,1.0,0.0,11.8,2.0,36.4,87.5,2.0,16.7,2.9,14.6,74.1,54.5,38.1,0.1,18.8,0.2,0.0,19.9,7.4,112.4,177.8,3.5,20.9,7.6
12,18.5,直行,NAVIGATING,0.6,0.54,0,/top-app,1017,2188,864,2.9,17.4,9.6,10.6,0.0,7.7,0.0,0.0,11.6,2.9,4.8,24.1,1.9,20.2,1.9,14.8,95.5,70.3,42.9,0.0,10.7,0.0,0.0,34.2,15.6,10.7,101.8,3.9,33.3,7.1
12,19.5,直行,NAVIGATING,0.61,0.2,0,/top-app,1017,2592,864,2.0,16.7,8.8,8.8,0.0,23.5,0.0,0.0,11.8,2.0,2.9,46.1,1.0,17.6,2.9,14.7,89.4,61.4,44.3,0.3,43.9,0.2,0.0,26.9,15.1,18.6,136.5,3.6,26.5,7.1
12,20.6,直行,NAVIGATING,0.6,0.04,0,/top-app,1017,2054,864,3.8,16.3,11.5,8.6,0.0,7.7,0.0,0.0,11.5,1.9,1.0,19.2,1.9,20.1,1.9,20.1,100.8,77.1,45.7,0.0,2.9,0.1,0.0,28.9,10.4,1.7,95.8,5.3,33.8,6.4
12,21.6,直行,NAVIGATING,0.6,0.01,0,/top-app,1017,2707,864,3.0,14.8,7.9,9.8,0.0,22.6,0.0,0.0,11.8,2.0,3.0,47.2,1.0,17.7,2.0,18.5,86.7,71.7,34.2,0.1,36.5,0.1,0.0,31.3,17.5,18.6,158.5,5.2,28.5,7.8
12,22.6,直行,NAVIGATING,0.6,0.01,0,/top-app,1017,2592,864,1.9,14.5,8.7,8.7,0.0,6.8,0.0,0.0,9.7,1.9,4.8,18.4,1.9,17.4,2.9,14.5,84.6,71.1,39.4,0.2,8.5,0.1,0.0,25.8,12.9,9.6,84.0,4.7,22.8,5.9
12,23.7,直行,NAVIGATING,0.6,0.0,0,/top-app,1017,2054,864,2.9,14.5,8.7,7.7,1.0,18.3,0.0,0.0,9.6,1.0,34.7,93.5,1.0,16.4,1.9,12.3,65.9,49.1,26.8,0.1,16.3,0.4,0.0,12.6,13.1,100.5,185.9,4.1,18.0,3.3
12,24.7,直行,NAVIGATING,0.4,0.0,0,/top-app,1017,2592,864,2.9,17.3,10.6,9.6,0.0,7.7,0.0,0.0,12.5,2.9,3.9,23.1,1.9,20.2,3.9,11.2,76.1,69.9,40.2,1.0,2.8,0.1,0.0,21.7,14.6,9.8,88.6,4.9,36.1,4.9
12,25.7,静止,NAVIGATING,0.01,0.0,0,/top-app,1017,2592,864,2.9,15.5,8.7,6.8,0.0,23.3,1.0,0.0,10.7,1.9,4.8,45.5,1.9,18.4,1.9,14.3,84.3,50.1,39.0,0.2,25.7,0.1,0.0,22.0,12.1,9.9,126.5,4.5,20.5,5.7
12,26.7,进站,NAVIGATING,0.19,0.01,0,/top-app,1017,2592,864,2.9,17.5,9.7,11.7,0.0,7.8,0.0,0.0,12.7,1.9,1.0,22.4,1.0,19.5,2.9,16.0,100.0,57.5,46.2,0.0,5.5,0.2,0.0,27.2,9.5,1.7,75.9,6.4,32.2,5.0
12,27.8,进站,NAVIGATING,0.2,0.0,0,/top-app,1017,2592,864,2.9,12.6,7.7,6.8,0.0,17.4,0.0,0.0,9.7,1.0,1.9,33.8,1.9,14.5,1.9,15.7,92.7,62.5,33.8,0.0,38.5,0.1,0.0,27.0,12.7,21.5,149.6,6.4,24.0,7.8
12,28.8,进站,NAVIGATING,0.15,0.0,0,/top-app,2016,2188,864,2.9,16.6,10.7,7.8,0.0,6.8,0.0,0.0,10.7,2.9,6.8,24.4,1.0,18.5,2.0,18.5,99.6,80.0,57.5,0.7,15.1,1.0,0.0,45.2,9.9,33.6,149.0,5.4,36.3,6.2
12,29.8,进站,NAVIGATING,0.03,0.0,0,/top-app,1344,2188,864,2.9,13.6,6.8,6.8,0.0,20.5,0.0,0.0,9.7,1.9,34.1,91.6,1.9,16.6,1.9,11.6,79.2,59.9,34.4,0.0,23.6,0.2,0.3,16.8,9.2,76.8,201.7,3.5,25.9,7.8
12,30.9,静止,NAVIGATING,0.01,0.0,0,/top-app,1017,2592,864,2.9,16.4,10.6,8.7,1.0,7.7,0.0,0.0,10.6,1.9,5.8,22.2,1.9,19.3,2.9,25.2,97.1,84.8,54.8,0.4,5.4,0.2,0.0,23.2,13.3,17.3,113.1,7.6,46.8,8.8
12,31.9,静止,NAVIGATING,0.0,0.0,0,/top-app,1017,2457,864,2.9,15.5,8.7,6.8,0.0,21.4,0.0,0.0,10.7,1.9,1.0,43.7,1.9,18.5,2.9,15.4,88.6,72.9,44.0,0.5,42.3,0.1,0.0,23.6,10.8,0.9,111.8,5.4,25.1,6.1
12,32.9,静止,ARRIVED,0.0,0.0,0,/top-app,1228,2803,864,2.9,15.6,8.8,9.8,0.0,9.8,1.0,0.0,11.7,2.0,3.9,25.4,2.0,19.6,2.0,11.0,59.5,0.0,0.0,0.3,6.0,0.2,0.0,21.8,10.0,21.8,80.1,4.9,19.6,1.8
13,1.0,静止,NAVIGATING,0.0,0.0,0,/top-app,1017,2323,864,2.9,15.4,8.7,8.7,0.0,21.2,1.0,0.0,10.6,1.9,1.0,40.5,1.0,18.3,1.9,14.2,67.9,56.5,40.6,0.5,22.6,0.6,0.3,24.5,10.4,3.8,115.0,5.3,32.3,5.0
13,2.1,转向,NAVIGATING,0.0,0.59,0,/top-app,1228,2592,864,2.9,16.4,10.6,8.7,0.0,10.6,0.0,0.0,11.6,1.9,5.8,29.0,1.9,20.3,2.9,18.2,77.5,53.2,51.1,0.1,15.9,0.1,0.0,26.8,13.9,11.1,127.8,6.6,50.9,4.5
13,3.1,转向,NAVIGATING,0.0,0.6,0,/top-app,1017,2323,864,2.9,14.5,10.6,6.8,0.0,17.4,0.0,0.0,10.6,2.9,32.8,89.7,1.9,18.3,1.9,10.1,43.2,27.1,28.0,0.3,11.4,0.3,0.1,16.8,9.0,83.3,138.3,3.7,17.4,4.9
13,4.1,转向,NAVIGATING,0.0,0.6,0,/top-app,1017,2188,864,2.9,15.5,9.7,8.7,0.0,12.6,0.0,0.0,11.6,1.0,2.9,30.0,1.0,17.4,2.9,14.2,73.1,58.2,34.8,0.1,10.4,0.2,0.0,25.5,10.6,11.8,101.8,6.3,28.2,5.7
13,5.2,转向,NAVIGATING,0.0,0.6,0,/top-app,1017,2457,864,2.9,14.5,9.7,6.8,1.0,16.5,0.0,0.0,10.7,1.9,1.9,34.9,1.9,17.5,1.9,14.6,68.6,46.6,37.2,0.0,20.5,0.0,0.0,27.4,11.9,2.2,101.9,4.4,23.8,5.7
13,6.2,转向,NAVIGATING,0.0,0.6,0,/top-app,1228,2323,864,2.9,16.5,9.7,7.8,0.0,15.6,0.0,0.0,11.7,2.9,2.9,31.1,1.9,18.5,2.9,20.6,74.3,57.6,47.7,0.0,24.7,0.1,0.0,28.9,10.7,9.0,115.2,6.1,51.6,9.1
13,7.2,转向,NAVIGATING,0.0,0.12,0,/top-app,1017,2188,864,2.9,16.5,9.7,8.7,0.0,13.6,1.0,0.0,11.6,1.9,0.0,33.0,1.0,20.4,2.9,13.3,59.2,39.7,32.8,0.3,16.6,0.1,0.0,18.5,11.0,1.0,97.9,3.4,27.9,6.0
13,8.2,静止,NAVIGATING,0.0,0.02,0,/top-app,1113,2054,864,2.9,16.4,10.6,7.7,0.0,16.4,0.0,0.0,10.6,1.9,9.7,40.6,1.9,19.3,1.9,16.2,57.5,55.1,41.1,0.4,20.9,0.0,0.1,25.0,11.7,26.8,117.6,5.9,29.5,10.3
13,9.3,静止,NAVIGATING,0.0,0.0,0,/top-app,1344,2803,864,2.9,15.4,9.7,7.7,0.0,12.5,0.0,0.0,10.6,1.9,33.8,88.8,1.9,18.3,2.9,9.3,53.2,45.2,27.9,0.0,10.8,0.0,0.0,19.0,9.5,56.8,148.2,7.2,17.7,5.6
13,10.3,直行,NAVIGATING,0.58,0.03,0,/top-app,1017,2457,864,2.9,15.5,9.7,9.7,0.0,18.4,0.0,0.0,11.6,1.0,8.7,44.5,1.9,19.3,1.9,13.7,89.5,53.0,36.7,1.3,38.3,0.1,0.1,29.7,13.9,63.5,175.7,5.0,50.6,8.5
13,11.4,直行,NAVIGATING,0.6,0.01,0,/top-app,1017,2323,864,1.9,15.4,9.6,8.7,0.0,11.6,0.0,0.0,11.6,2.9,1.0,25.1,0.0,18.3,2.9,16.9,80.3,48.4,36.4,0.1,17.1,0.1,0.0,25.3,14.0,1.3,92.4,4.9,38.7,5.1
13,12.4,直行,NAVIGATING,0.6,0.0,0,/top-app,1344,2592,864,2.9,13.5,9.7,8.7,0.0,20.3,0.0,0.0,9.7,1.0,1.9,41.5,1.9,17.4,1.9,11.0,80.4,39.5,25.7,0.2,30.0,0.2,0.1,22.1,11.4,13.8,115.5,4.0,26.7,5.5
13,13.4,直行,NAVIGATING,0.6,0.0,0,/top-app,1017,2803,864,2.9,15.5,8.7,9.7,1.0,7.8,0.0,0.0,10.7,2.9,2.9,23.3,1.9,18.4,2.9,17.5,87.1,47.6,40.9,0.7,16.8,0.2,0.3,34.9,14.6,2.0,127.7,7.1,50.2,7.5
13,14.4,直行,NAVIGATING,0.6,0.0,0,/top-app,1113,2803,864,3.9,15.7,10.8,9.8,0.0,22.6,0.0,0.0,12.8,2.0,2.0,47.2,2.0,17.7,2.0,21.0,67.8,42.7,46.3,0.1,39.6,0.3,0.0,25.5,9.9,12.1,140.0,8.8,41.0,9.3
13,15.5,直行,NAVIGATING,0.6,0.0,0,/top-app,2016,2803,864,2.9,15.7,9.8,8.8,0.0,7.9,0.0,0.0,10.8,2.0,34.4,67.8,2.0,19.7,2.0,14.0,37.6,37.7,36.4,0.0,10.1,0.1,0.0,19.9,8.5,70.2,152.1,3.8,20.2,5.4
13,16.5,直行,NAVIGATING,0.59,0.33,0,/top-app,1017,2803,864,2.0,12.7,8.8,8.8,0.0,19.6,0.0,0.0,11.7,2.0,16.6,67.5,0.0,15.6,2.0,13.4,59.2,37.0,34.1,0.3,28.3,0.2,0.0,21.5,6.5,89.2,168.9,4.5,31.3,4.2
13,17.5,直行,NAVIGATING,0.6,0.55,0,/top-app,1017,2803,864,3.0,17.7,10.8,10.8,0.0,7.9,0.0,1.0,11.8,2.0,2.0,21.7,2.0,19.7,3.0,17.2,87.9,51.7,53.6,0.4,4.7,0.0,0.1,27.8,13.0,2.1,101.4,8.8,47.5,6.4
13,18.5,直行,NAVIGATING,0.6,0.55,0,/top-app,1017,2803,864,3.0,14.8,9.8,7.9,0.0,21.6,1.0,0.0,10.8,2.0,3.0,44.3,2.0,16.7,3.0,11.7,77.6,62.2,32.1,0.0,50.6,0.2,0.1,17.9,9.9,17.4,111.1,4.0,39.3,7.6
13,19.5,直行,NAVIGATING,0.6,0.17,0,/top-app,1017,1286,3360,2.9,16.7,9.8,9.8,1.0,7.9,0.0,0.0,11.8,1.0,0.0,18.7,2.0,19.6,2.9,12.1,87.0,51.3,42.1,0.6,8.4,0.3,0.1,39.3,11.3,0.7,122.1,5.1,59.2,14.1
13,20.5,直行,NAVIGATING,0.6,0.04,0,/top-app,1017,2803,864,2.0,14.7,9.8,9.8,0.0,21.6,0.0,0.0,10.8,2.9,2.9,47.2,1.0,17.7,2.9,15.5,80.0,50.3,45.6,0.5,50.9,0.5,0.4,24.6,14.3,15.8,148.0,7.9,47.7,6.6
13,21.6,直行,NAVIGATING,0.6,0.0,0,/top-app,1017,2457,864,2.9,12.5,7.7,6.7,0.0,5.8,0.0,0.0,7.7,1.9,25.0,43.3,1.9,14.4,1.9,11.8,63.0,53.0,34.2,0.1,5.2,0.0,0.0,18.5,9.1,53.0,124.1,4.6,32.6,5.1
13,22.6,直行,NAVIGATING,0.6,0.01,0,/top-app,1017,2457,864,1.9,15.4,9.6,9.6,0.0,19.3,0.0,0.0,11.6,1.0,23.1,75.2,1.9,17.4,1.9,10.9,48.4,37.6,25.6,0.4,15.0,0.2,0.0,12.2,9.9,90.7,148.4,4.7,22.5,4.7
13,23.7,直行,NAVIGATING,0.6,0.0,0,/top-app,1017,2323,864,3.9,15.5,10.6,8.7,0.0,6.8,0.0,0.0,11.6,2.9,1.0,17.4,1.9,18.4,1.9,21.2,55.0,51.4,42.9,0.0,9.9,0.3,0.3,27.3,21.9,0.8,101.3,6.9,37.7,7.4
13,24.7,直行,NAVIGATING,0.38,0.0,0,/top-app,1017,1920,864,2.9,15.4,9.6,8.7,0.0,23.1,0.0,0.0,10.6,1.0,2.9,46.2,1.0,18.3,2.9,14.1,75.8,47.7,29.7,0.3,55.1,0.2,0.1,23.6,21.1,20.0,147.3,4.7,36.8,8.4
13,25.7,静止,NAVIGATING,0.0,0.0,0,/top-app,1017,2592,864,2.9,16.3,9.6,6.7,1.0,8.7,0.0,0.0,12.5,1.9,1.9,19.2,1.0,19.2,2.9,15.7,79.0,55.5,34.0,1.7,10.9,0.4,0.0,21.9,17.1,4.1,94.0,6.4,53.8,6.9
13,26.8,进站,NAVIGATING,0.2,0.0,0,/top-app,1017,2188,864,2.9,15.5,9.7,10.7,0.0,21.3,0.0,0.0,11.6,1.9,1.9,47.5,1.9,17.4,1.9,13.7,61.5,37.9,33.3,0.2,25.4,0.2,0.1,18.1,7.7,14.9,103.3,4.1,33.3,6.1
13,27.8,进站,NAVIGATING,0.2,0.0,0,/top-app,1017,2188,864,2.9,15.5,10.6,8.7,0.0,8.7,0.0,0.0,10.6,1.9,20.3,46.4,1.9,19.3,2.9,14.3,89.8,55.7,40.0,0.6,6.6,0.4,0.1,24.6,11.8,28.9,129.0,7.2,30.7,8.0
13,28.8,进站,NAVIGATING,0.11,0.0,0,/top-app,1017,2457,864,2.9,13.5,7.7,6.8,0.0,19.3,0.0,0.0,11.6,2.9,25.1,70.4,1.9,16.4,1.9,9.9,52.5,32.3,25.7,0.1,12.5,0.1,0.0,16.7,10.7,90.1,174.2,7.2,23.4,5.6
13,29.9,进站,NAVIGATING,0.02,0.0,0,/top-app,1785,2323,864,2.9,17.5,10.7,8.7,0.0,7.8,1.0,0.0,11.6,1.9,2.9,17.5,1.9,19.4,2.9,19.2,74.4,70.8,55.2,0.2,8.1,0.2,0.0,43.1,15.5,10.5,131.4,5.8,50.6,9.7
13,30.9,静止,NAVIGATING,0.01,0.0,0,/top-app,1017,2457,864,2.9,16.5,10.7,7.8,0.0,24.3,1.0,0.0,12.6,1.9,1.9,48.5,1.0,19.4,1.9,16.0,73.6,53.1,56.0,0.9,55.4,0.4,0.2,42.5,13.5,6.8,135.6,7.6,43.5,6.5
13,31.9,静止,NAVIGATING,0.0,0.0,0,/top-app,1670,2457,864,2.9,14.5,9.7,7.8,0.0,6.8,0.0,0.0,9.7,1.9,1.9,18.4,1.9,17.4,2.9,18.0,66.0,50.1,34.8,0.3,4.1,0.1,0.0,26.7,9.4,11.4,101.6,4.3,35.6,5.9
13,33.0,静止,ARRIVED,0.0,0.0,0,/top-app,1017,2592,864,1.9,12.7,5.8,7.8,0.0,21.4,0.0,0.0,10.7,1.0,4.9,47.7,1.9,17.5,1.0,14.6,64.2,0.0,0.0,0.3,37.4,0.0,0.0,28.5,11.7,21.3,118.0,5.7,24.4,4.9
14,1.0,静止,NAVIGATING,0.0,0.0,0,/top-app,1670,2323,864,2.9,17.5,10.7,8.7,0.0,9.7,0.0,0.0,11.6,2.9,17.5,41.7,1.0,18.4,1.9,11.9,68.8,51.0,42.4,0.5,7.4,0.3,0.2,21.2,8.1,70.9,137.2,3.8,24.1,6.6
14,2.1,转向,NAVIGATING,0.0,0.59,0,/top-app,1017,1920,864,3.9,14.4,9.6,7.7,0.0,17.3,0.0,0.0,10.6,1.9,25.0,72.2,1.9,16.4,2.9,9.6,54.5,38.3,41.8,0.3,16.7,0.0,0.2,13.4,8.4,98.2,147.1,4.2,15.1,3.5
14,3.1,转向,NAVIGATING,0.0,0.6,0,/top-app,1344,2457,864,1.9,16.5,9.7,8.7,0.0,11.6,0.0,0.0,11.6,1.9,2.9,27.2,1.0,20.4,1.9,13.7,80.2,57.9,52.4,0.0,14.9,0.3,0.1,27.0,11.5,3.7,115.3,5.5,34.2,9.1
14,4.1,转向,NAVIGATING,0.0,0.6,0,/top-app,1017,2323,864,2.9,13.5,9.7,6.8,0.0,17.4,0.0,0.0,11.6,1.9,1.9,34.8,1.9,17.4,1.9,13.9,67.4,47.9,43.2,0.3,30.3,0.2,0.0,27.9,12.6,3.8,134.4,5.3,38.4,8.7
14,5.2,转向,NAVIGATING,0.0,0.6,0,/top-app,1017,2188,864,3.9,16.4,10.6,7.7,0.0,13.5,1.0,0.0,10.6,1.9,2.9,33.7,1.9,20.2,2.9,14.9,78.5,68.6,35.6,0.0,13.0,0.1,0.0,24.8,12.6,7.5,116.7,8.7,45.3,9.8
14,6.2,转向,NAVIGATING,0.0,0.59,0,/top-app,1017,2323,864,2.9,15.4,8.6,7.7,0.0,15.4,0.0,0.0,10.6,1.9,1.0,36.5,1.0,17.3,1.9,23.5,72.2,55.6,46.1,0.0,38.4,0.1,0.1,30.1,15.8,1.9,117.5,7.3,40.7,8.6
14,7.2,转向,NAVIGATING,0.0,0.12,0,/top-app,1459,2707,864,2.9,16.5,10.7,8.7,1.0,16.5,0.0,0.0,12.6,2.9,17.5,47.5,1.9,18.4,1.9,13.3,66.5,46.3,33.1,0.8,16.1,0.5,0.2,30.6,10.1,62.3,165.8,4.1,24.7,7.6
14,8.3,静止,NAVIGATING,0.0,0.02,0,/top-app,1017,2803,864,1.9,14.6,9.7,7.8,0.0,10.7,0.0,0.0,11.7,1.9,26.2,69.9,1.9,17.5,1.9,10.9,44.3,33.6,35.4,0.6,3.7,0.1,0.1,14.4,10.4,76.6,115.6,3.8,20.5,5.9
14,9.3,静止,NAVIGATING,0.01,0.01,0,/top-app,1113,2323,864,3.9,15.5,10.6,8.7,0.0,15.5,1.0,0.0,10.6,1.9,2.9,34.8,1.0,19.3,1.9,15.1,87.9,63.3,47.5,0.2,27.4,0.1,0.0,38.3,13.4,8.3,144.7,5.2,38.3,8.8
14,10.3,直行,NAVIGATING,0.51,0.03,0,/top-app,1017,2457,864,2.9,16.6,9.8,9.8,0.0,13.7,1.0,0.0,10.7,2.0,1.0,34.1,2.0,19.5,2.9,15.1,68.6,50.4,43.5,1.2,27.8,0.3,0.2,18.1,9.5,0.7,95.8,4.7,29.9,9.6
14,11.3,直行,NAVIGATING,0.6,0.0,0,/top-app,1017,2054,864,2.9,15.5,9.7,9.7,0.0,18.4,0.0,0.0,11.6,1.0,2.9,37.8,1.9,18.4,1.9,18.1,79.9,62.3,44.7,0.0,34.7,0.1,0.0,24.9,14.3,15.9,144.3,5.7,41.7,8.1
14,12.4,直行,NAVIGATING,0.6,0.0,0,/top-app,1017,2592,864,2.9,15.4,10.6,9.6,0.0,10.6,0.0,0.0,10.6,1.9,1.9,22.1,1.0,17.3,2.9,16.1,74.0,51.0,46.1,0.4,11.9,0.1,0.1,32.3,13.7,2.9,100.1,5.8,27.6,10.3
14,13.4,直行,NAVIGATING,0.6,0.01,0,/top-app,1017,2803,864,1.9,13.5,8.7,7.7,0.0,20.3,0.0,0.0,9.7,2.9,17.4,58.9,2.9,18.4,2.9,21.8,69.3,36.5,35.3,0.1,22.9,0.4,0.0,25.6,16.8,34.4,142.2,4.3,27.2,6.2
14,14.4,直行,NAVIGATING,0.6,0.0,0,/top-app,1017,2803,864,2.9,14.7,9.8,8.8,1.0,7.8,0.0,0.0,11.8,1.0,25.5,58.8,1.0,19.6,1.0,12.6,58.0,65.6,24.0,0.0,3.6,0.1,0.0,16.0,9.8,66.6,130.6,6.2,28.6,9.6
14,15.5,直行,NAVIGATING,0.6,0.0,0,/top-app,1017,2803,864,3.0,16.7,10.8,9.8,0.0,21.7,0.0,0.0,11.8,3.0,2.0,46.3,1.0,19.7,3.0,11.4,87.4,58.5,40.2,0.1,38.6,0.2,0.0,24.6,10.0,12.0,162.1,5.1,64.7,7.3
14,16.5,直行,NAVIGATING,0.59,0.28,0,/top-app,1017,2803,864,2.9,15.7,9.8,10.8,0.0,8.8,0.0,0.0,11.8,2.0,1.0,21.6,2.9,19.7,2.9,12.8,84.9,65.7,60.3,0.8,22.3,0.2,0.0,33.8,12.1,2.1,98.9,7.0,38.1,10.9
14,17.5,直行,NAVIGATING,0.6,0.55,0,/top-app,1017,2803,2956,3.0,17.7,10.8,9.8,0.0,22.6,0.0,0.0,11.8,2.0,3.0,46.3,2.0,18.7,3.0,14.4,66.6,62.4,48.1,0.1,36.6,0.1,0.0,35.7,10.6,12.0,125.7,6.2,28.3,8.1
14,18.5,直行,NAVIGATING,0.6,0.54,0,/top-app,1017,2592,864,2.9,15.6,9.7,10.7,0.0,9.7,0.0,0.0,11.7,1.9,1.0,21.4,1.0,18.5,1.9,16.7,80.1,65.7,45.7,0.2,13.0,0.1,0.1,32.2,14.5,1.7,89.3,5.5,34.3,10.7
14,19.5,直行,NAVIGATING,0.61,0.22,0,/top-app,1017,2803,864,3.9,15.7,11.8,8.9,0.0,20.7,0.0,0.0,11.8,2.0,17.7,62.0,2.0,18.7,2.0,12.5,63.1,42.6,25.2,0.5,21.0,0.6,0.0,22.2,8.1,42.7,144.7,4.1,21.1,9.2
14,20.6,直行,NAVIGATING,0.6,0.04,0,/top-app,1017,2323,864,1.9,14.5,8.7,8.7,0.0,6.8,0.0,0.0,10.6,1.9,30.9,61.8,1.0,17.4,1.9,10.3,55.8,36.9,25.7,0.0,2.6,0.1,0.0,19.4,7.4,84.5,132.1,3.1,17.2,7.0
14,21.6,直行,NAVIGATING,0.6,0.0,0,/top-app,1017,2054,864,2.9,14.7,9.8,8.8,0.0,21.5,0.0,0.0,10.8,2.0,2.9,47.9,1.0,19.6,2.9,11.8,58.7,41.6,29.8,0.0,34.8,0.1,0.0,25.7,7.4,23.3,123.2,4.1,35.0,9.5
14,22.6,直行,NAVIGATING,0.6,0.01,0,/top-app,1017,1920,864,2.9,17.3,9.6,10.6,1.0,7.7,0.0,0.0,12.5,1.9,1.0,19.3,1.9,19.3,2.9,14.0,102.6,46.6,50.0,1.0,9.0,0.1,0.4,29.8,11.1,1.6,85.5,7.2,43.2,12.6
14,23.7,直行,NAVIGATING,0.6,0.0,0,/top-app,1017,2457,864,2.9,15.4,9.6,8.7,0.0,22.1,1.0,0.0,11.5,1.9,1.9,49.1,1.9,19.2,2.9,16.4,77.3,42.2,40.7,0.2,49.7,0.2,0.1,27.8,12.7,15.2,117.7,5.5,33.8,9.3
14,24.7,直行,NAVIGATING,0.41,0.0,0,/top-app,1017,2188,864,2.9,17.3,10.6,9.6,0.0,7.7,0.0,0.0,12.5,1.9,2.9,16.4,1.0,19.3,1.9,13.7,78.2,46.0,36.5,0.4,8.4,0.2,0.0,27.0,13.2,2.6,92.4,4.5,41.6,11.4
14,25.7,静止,NAVIGATING,0.02,0.0,0,/top-app,1017,2457,864,2.9,16.4,10.6,8.7,0.0,23.2,0.0,0.0,11.6,1.9,14.5,67.6,2.9,19.3,2.9,14.4,64.7,41.5,37.3,0.6,36.4,0.0,0.0,23.9,9.8,27.0,145.3,4.7,27.6,6.6
14,26.8,进站,NAVIGATING,0.2,0.01,0,/top-app,1017,2457,864,3.8,14.4,9.6,9.6,0.0,6.7,0.0,0.0,10.6,1.9,30.8,68.2,1.0,16.3,1.0,8.8,42.5,32.2,30.6,0.3,0.8,1.0,0.0,13.3,9.8,110.0,128.4,4.9,20.1,7.3
14,27.8,进站,NAVIGATING,0.2,0.0,0,/top-app,1017,2188,864,1.9,13.5,7.7,7.7,0.0,21.2,0.0,0.0,9.6,2.9,5.8,48.1,1.9,15.4,1.9,12.6,62.0,45.6,30.3,0.2,47.9,0.1,0.0,20.8,13.5,28.9,126.3,5.5,27.5,7.0
14,28.9,进站,NAVIGATING,0.12,0.0,0,/top-app,1670,2592,864,2.9,17.4,11.6,8.7,0.0,7.8,0.0,0.0,13.6,1.0,1.9,23.3,1.9,20.3,2.9,20.2,70.4,56.2,39.1,0.0,6.0,0.7,0.0,26.6,8.7,1.9,90.7,3.5,44.4,8.9
14,29.9,进站,NAVIGATING,0.02,0.0,0,/top-app,1017,2323,864,3.9,15.4,10.6,7.7,0.0,22.2,0.0,0.0,11.6,2.9,1.9,42.5,1.0,18.3,1.9,16.1,67.4,62.7,42.6,0.0,37.7,0.2,0.3,19.3,10.2,12.2,134.4,5.7,18.2,6.7
14,30.9,静止,NAVIGATING,0.01,0.0,0,/top-app,1017,2323,864,2.9,17.4,10.6,9.6,0.0,7.7,0.0,0.0,11.6,1.0,2.9,23.2,1.9,19.3,2.9,13.7,64.9,82.1,37.2,0.4,4.3,0.3,0.1,31.0,9.9,7.6,118.6,5.5,34.1,8.0
14,32.0,静止,NAVIGATING,0.0,0.0,0,/top-app,1017,2457,864,1.9,16.3,9.6,7.7,0.0,23.0,0.0,0.0,12.5,2.9,8.6,52.8,1.9,18.2,1.9,12.1,69.7,59.2,39.7,0.4,44.3,0.1,0.0,25.5,7.9,9.8,125.5,3.5,31.6,8.4
14,33.0,静止,NAVIGATING,0.0,0.0,0,/top-app,2016,2803,864,2.9,13.8,9.8,12.8,1.0,5.9,0.0,0.0,8.8,1.0,31.4,71.7,2.0,17.7,2.0,22.6,54.3,52.4,36.1,0.0,6.1,0.3,0.1,21.3,9.9,131.4,239.6,4.8,40.2,4.5
14,34.0,静止,ARRIVED,0.0,0.0,0,/top-app,1017,2592,864,2.9,9.7,4.8,6.8,0.0,15.5,1.0,0.0,9.7,1.9,7.7,42.5,1.0,15.5,1.0,17.6,54.4,0.0,0.0,0.5,15.6,0.2,0.1,19.8,16.4,53.7,160.7,5.9,22.9,3.1
15,1.0,静止,NAVIGATING,0.0,0.0,0,/top-app,1113,2592,864,2.9,17.4,10.7,8.7,0.0,8.7,0.0,0.0,11.6,2.9,2.9,20.3,1.0,19.4,2.9,21.1,92.0,112.6,47.7,0.4,7.7,0.1,0.0,29.7,19.9,13.4,129.2,9.6,44.0,4.6
15,2.1,转向,NAVIGATING,0.0,0.6,0,/top-app,1017,2592,864,2.9,15.4,9.6,7.7,0.0,20.2,0.0,1.0,9.6,1.9,0.0,40.4,1.9,17.3,1.9,16.1,95.7,83.6,34.1,0.0,48.7,0.1,0.2,28.4,14.5,1.5,136.6,4.8,24.2,4.1
15,3.1,转向,NAVIGATING,0.0,0.6,0,/top-app,1017,1651,864,2.9,16.4,10.6,8.7,0.0,11.5,0.0,0.0,11.5,1.9,3.8,26.0,1.9,19.2,2.9,18.0,91.7,87.1,46.0,0.2,16.8,0.3,0.2,41.4,13.7,24.3,115.4,8.3,40.0,5.2
15,4.1,转向,NAVIGATING,0.0,0.6,0,/top-app,1017,2188,864,3.9,17.4,9.7,8.7,0.0,18.4,0.0,0.0,11.6,2.9,1.0,39.7,1.9,19.4,1.9,14.5,96.6,67.6,48.7,0.5,37.4,0.4,0.0,37.7,13.0,2.1,131.4,7.4,40.4,5.8
15,5.2,转向,NAVIGATING,0.0,0.6,0,/top-app,1670,2457,864,1.9,15.5,9.7,7.7,0.0,14.5,0.0,0.0,11.6,1.9,31.9,76.4,1.0,19.3,2.9,8.9,51.4,49.0,22.7,0.0,5.8,0.1,0.0,20.5,8.5,122.5,175.5,5.2,13.8,4.0
15,6.2,转向,NAVIGATING,0.0,0.58,0,/top-app,1017,2188,864,2.9,15.5,8.7,7.8,0.0,11.6,0.0,0.0,11.6,1.9,13.6,46.5,1.9,19.4,2.9,15.4,55.3,69.7,38.5,0.4,8.9,0.6,0.1,26.3,12.5,55.8,129.5,8.0,25.1,4.6
15,7.2,转向,NAVIGATING,0.0,0.12,0,/top-app,1017,2054,864,2.9,15.5,9.7,8.7,0.0,15.5,0.0,0.0,11.6,1.0,2.9,29.0,1.9,16.4,1.9,16.2,96.6,74.7,48.0,0.1,25.1,0.3,0.0,45.7,18.0,7.3,165.3,5.7,46.5,7.6
15,8.3,静止,NAVIGATING,0.0,0.02,0,/top-app,1017,1920,864,2.9,16.4,10.6,7.7,1.9,14.4,1.0,0.0,10.6,2.9,1.0,31.8,1.9,19.3,2.9,22.8,98.8,60.0,39.1,0.0,26.6,0.2,0.0,36.2,16.0,1.4,138.0,5.6,37.8,8.2
15,9.3,静止,NAVIGATING,0.01,0.01,0,/top-app,1017,2054,864,2.9,16.4,8.7,8.7,0.0,17.4,0.0,0.0,10.6,1.9,1.9,39.6,1.9,19.3,1.9,20.6,105.8,84.6,41.1,0.1,30.5,0.5,0.0,39.7,18.2,9.7,124.5,4.9,41.3,9.2
15,10.3,直行,NAVIGATING,0.52,0.03,0,/top-app,1017,2457,864,2.9,15.5,8.7,9.7,0.0,10.6,0.0,0.0,11.6,1.9,1.9,25.1,1.9,18.4,2.9,13.8,99.0,87.7,43.2,0.1,24.8,0.0,0.0,33.5,12.4,3.4,126.4,7.8,36.8,8.5
15,11.4,直行,NAVIGATING,0.6,0.0,0,/top-app,1344,2592,864,2.9,15.5,10.7,8.7,0.0,20.3,1.0,0.0,11.6,1.9,32.0,79.5,1.0,19.4,2.9,12.0,51.5,41.1,31.9,0.0,15.8,0.4,0.2,18.1,9.5,70.4,134.3,8.1,15.8,5.4
15,12.4,直行,NAVIGATING,0.6,0.01,0,/top-app,1017,2188,864,2.9,13.7,6.9,8.8,0.0,6.9,0.0,0.0,9.8,1.0,10.8,34.3,1.0,15.7,2.0,17.3,78.3,57.3,34.3,0.3,3.5,0.1,0.0,30.0,11.4,42.5,99.2,6.8,24.4,7.4
15,13.4,直行,NAVIGATING,0.6,0.0,0,/top-app,1017,2803,1132,2.9,16.7,10.8,9.8,0.0,20.6,0.0,0.0,10.8,2.9,2.9,40.2,2.0,19.6,2.9,19.6,90.3,71.4,41.9,0.1,42.1,0.2,0.0,35.5,14.0,6.3,158.5,5.4,43.9,13.5
15,14.4,直行,NAVIGATING,0.6,0.0,0,/top-app,1017,2803,1977,2.9,15.7,9.8,9.8,0.0,8.8,0.0,0.0,11.8,2.0,2.0,22.6,2.0,18.6,2.0,14.1,113.4,72.2,46.9,0.0,29.9,0.2,0.0,47.8,16.0,6.4,121.3,9.4,46.5,9.9
15,15.4,直行,NAVIGATING,0.6,0.0,0,/top-app,1017,2803,3187,2.9,16.7,8.8,8.8,0.0,20.6,0.0,0.0,11.8,2.0,2.0,47.2,1.0,18.7,2.9,23.2,95.1,79.4,49.3,0.8,49.7,0.6,0.0,33.8,12.4,22.6,165.3,9.5,27.9,8.5
15,16.5,直行,NAVIGATING,0.59,0.28,0,/top-app,1017,2803,864,2.9,16.7,9.8,9.8,0.0,8.8,0.0,0.0,11.8,2.0,2.0,18.7,2.0,18.7,2.9,18.9,88.0,95.3,46.5,0.0,16.4,0.0,0.0,28.1,14.4,1.2,105.4,9.6,34.0,5.6
15,17.5,直行,NAVIGATING,0.6,0.56,0,/top-app,2016,2803,864,3.0,15.7,8.9,9.8,0.0,20.7,0.0,0.0,11.8,2.0,29.5,82.7,2.0,18.7,2.0,11.1,58.9,46.7,23.6,0.2,18.6,0.2,0.1,15.6,11.6,74.4,168.3,7.1,21.0,3.1
15,18.5,直行,NAVIGATING,0.6,0.55,0,/top-app,1017,2803,864,2.9,14.7,9.8,9.8,1.0,7.9,1.0,0.0,11.8,2.0,11.8,31.5,1.0,18.7,2.0,16.7,80.4,68.3,45.1,0.2,8.2,0.1,0.0,28.5,12.6,26.6,105.0,8.1,39.2,8.3
15,19.5,直行,NAVIGATING,0.61,0.2,0,/top-app,1017,2803,864,1.9,16.4,8.7,8.7,0.0,21.3,0.0,0.0,12.6,1.9,2.9,47.4,1.9,18.4,2.9,19.1,70.7,61.7,35.0,0.5,32.6,0.5,0.2,31.4,13.5,3.2,127.8,10.4,27.0,5.6
15,20.5,直行,NAVIGATING,0.6,0.03,0,/top-app,1017,2803,864,3.9,16.7,9.8,9.8,0.0,6.9,0.0,0.0,11.8,2.0,1.0,13.8,2.0,19.7,3.0,17.0,84.0,81.4,34.6,0.2,8.1,0.0,0.0,34.5,15.8,1.0,106.8,7.5,52.2,6.1
15,21.6,直行,NAVIGATING,0.6,0.01,0,/top-app,1017,2457,864,2.9,15.5,9.7,9.7,0.0,22.2,1.0,0.0,10.6,1.9,2.9,47.3,1.0,18.3,1.9,14.5,72.9,63.5,24.9,0.3,44.8,0.3,0.0,28.9,12.2,5.9,134.2,6.1,36.4,5.4
15,22.6,直行,NAVIGATING,0.6,0.0,0,/top-app,1017,2592,864,2.9,17.3,10.6,9.6,0.0,8.7,0.0,0.0,13.5,1.9,1.0,21.2,1.9,19.3,2.9,22.9,101.9,69.4,40.8,0.0,5.5,0.2,0.0,22.9,14.0,3.7,88.8,6.5,30.9,5.3
15,23.7,直行,NAVIGATING,0.6,0.0,0,/top-app,1017,2457,864,2.9,14.5,8.7,8.7,0.0,20.3,0.0,0.0,10.6,2.9,34.8,86.0,1.9,17.4,1.9,10.0,57.0,41.8,32.5,0.0,15.9,0.1,0.0,14.1,10.6,82.1,201.2,4.0,12.1,2.9
15,24.7,直行,NAVIGATING,0.41,0.0,0,/top-app,1017,2457,864,2.9,17.4,9.7,9.7,0.0,7.8,0.0,0.0,12.6,1.9,14.5,36.8,1.9,19.4,2.9,14.4,70.2,61.8,39.6,0.3,6.7,0.3,0.0,23.1,14.7,35.5,122.6,5.8,23.6,5.5
15,25.7,进站,NAVIGATING,0.02,0.0,0,/top-app,1017,2054,864,2.9,14.5,9.7,6.8,0.0,22.2,1.0,0.0,9.7,1.9,6.8,47.3,1.9,17.4,1.9,13.6,63.8,56.8,25.6,0.1,25.4,0.2,0.0,22.7,11.9,24.7,129.9,6.5,17.5,5.8
15,26.8,进站,NAVIGATING,0.2,0.0,0,/top-app,1017,2188,864,2.9,16.4,8.7,11.6,1.0,7.7,0.0,0.0,11.6,1.0,1.9,17.3,1.0,18.3,2.9,18.9,87.9,72.7,65.4,0.2,15.7,0.2,0.0,38.5,11.4,3.2,101.1,5.8,25.1,4.9
15,27.8,进站,NAVIGATING,0.2,0.0,0,/top-app,1017,2457,864,2.9,15.6,8.8,7.8,0.0,23.4,0.0,0.0,11.7,1.9,1.9,47.7,1.9,17.5,1.9,17.2,95.0,66.2,40.4,0.2,58.7,0.0,0.0,41.4,9.4,10.3,153.8,8.0,28.5,7.2
15,28.8,进站,NAVIGATING,0.13,0.0,0,/top-app,1459,2592,864,2.9,17.4,10.6,8.7,0.0,6.8,0.0,0.0,10.6,2.9,2.9,22.2,1.9,19.3,2.9,21.2,104.5,80.6,59.3,0.4,3.5,0.6,0.1,28.7,22.4,3.2,106.9,10.3,34.5,6.1
15,29.9,进站,NAVIGATING,0.03,0.0,0,/top-app,1017,2592,864,3.9,13.6,7.8,6.8,0.0,19.4,0.0,0.0,11.6,1.9,28.1,80.6,1.9,16.5,1.9,11.5,62.2,50.1,21.0,0.2,27.1,0.0,0.0,25.2,8.9,75.3,196.9,7.0,22.1,4.9
15,30.9,静止,NAVIGATING,0.01,0.0,0,/top-app,1113,2188,864,1.9,16.4,10.6,8.7,0.0,9.6,0.0,0.0,9.6,1.0,16.4,34.7,1.9,20.2,2.9,13.1,69.5,62.2,39.2,0.1,6.1,0.1,0.0,29.7,9.1,61.4,123.9,4.6,28.1,4.9
15,31.9,静止,NAVIGATING,0.0,0.0,0,/top-app,1017,1920,864,2.9,15.4,9.7,8.7,0.0,21.2,1.0,0.0,11.6,2.9,1.0,47.3,1.0,18.3,2.9,18.1,95.8,73.0,46.1,0.1,49.0,0.0,0.1,33.7,17.2,2.3,117.2,6.8,31.0,12.8
15,33.0,静止,ARRIVED,0.0,0.0,0,/top-app,1017,2054,864,2.9,15.4,6.7,9.6,0.0,8.6,0.0,0.0,12.5,1.0,1.9,20.2,1.9,18.2,1.0,12.8,75.1,0.0,0.0,0.2,12.0,0.1,0.0,28.4,13.3,9.1,81.7,5.0,27.6,3.3
16,1.0,静止,NAVIGATING,0.0,0.0,0,/top-app,1017,2054,864,2.9,14.4,9.6,7.7,0.0,20.2,0.0,0.0,9.6,2.9,1.0,43.3,1.9,18.3,2.9,13.4,65.5,67.4,37.2,0.5,51.3,0.3,0.0,26.7,11.5,1.2,117.1,6.6,27.9,7.2
16,2.0,转向,NAVIGATING,0.0,0.59,0,/top-app,1017,2803,864,2.9,15.5,9.7,6.8,0.0,9.7,1.0,0.0,10.7,1.9,2.9,19.4,1.0,17.4,1.9,11.9,87.7,62.8,40.1,0.0,8.8,0.1,0.0,24.3,17.9,10.1,111.6,4.9,25.5,4.4
16,3.1,转向,NAVIGATING,0.0,0.6,0,/top-app,1017,2188,864,1.9,15.5,9.7,8.7,1.0,17.4,0.0,0.0,11.6,1.9,30.9,88.8,1.9,17.4,1.9,14.4,53.0,35.6,31.2,0.8,19.0,0.2,0.1,15.2,9.6,49.0,179.8,4.2,16.2,5.5
16,4.1,转向,NAVIGATING,0.0,0.6,0,/top-app,1017,2323,864,3.9,16.5,9.7,7.8,0.0,11.7,0.0,0.0,11.7,2.9,15.6,49.6,1.0,21.4,2.9,11.3,55.0,46.3,32.1,0.1,9.9,0.3,0.0,24.3,8.0,69.7,140.3,4.2,31.8,5.4
16,5.1,转向,NAVIGATING,0.0,0.6,0,/top-app,1017,2457,864,2.9,15.5,9.7,7.7,0.0,15.5,0.0,0.0,10.6,1.0,1.0,34.8,1.9,16.4,1.9,19.0,71.2,44.7,40.8,0.9,34.3,0.1,0.0,17.3,16.6,1.4,105.6,5.1,29.9,10.9
16,6.2,转向,NAVIGATING,0.0,0.59,0,/top-app,1113,2054,864,2.9,16.4,10.6,7.7,0.0,13.5,0.0,0.0,11.6,2.9,3.9,31.8,1.0,19.3,3.9,13.8,74.9,48.7,37.3,0.3,16.0,0.1,0.0,29.4,10.6,15.7,98.8,5.4,37.7,7.6
16,7.2,转向,NAVIGATING,0.0,0.12,0,/top-app,1017,2457,864,2.9,17.5,10.7,9.7,0.0,17.5,0.0,0.0,12.6,1.9,1.0,37.0,2.9,20.4,1.9,11.7,72.6,52.0,42.5,0.3,37.3,0.0,0.0,35.2,8.4,1.6,96.0,7.1,38.7,5.7
16,8.2,静止,NAVIGATING,0.0,0.02,0,/top-app,1344,2457,864,2.9,15.5,9.7,6.8,0.0,14.6,0.0,0.0,10.7,1.0,2.9,34.0,1.0,18.4,2.9,20.4,61.8,58.7,27.9,0.0,15.7,0.6,0.0,26.6,10.1,14.1,104.6,5.1,34.6,6.7
16,9.3,静止,NAVIGATING,0.01,0.01,0,/top-app,1017,2188,864,2.9,13.5,9.7,8.7,1.0,11.6,0.0,0.0,9.7,2.9,26.1,70.6,1.0,17.4,1.9,8.9,52.8,43.3,24.7,0.1,23.4,0.1,0.0,27.6,8.4,30.3,113.8,3.2,37.4,4.1
16,10.3,直行,NAVIGATING,0.53,0.03,0,/top-app,1017,2188,864,2.9,15.5,9.7,8.7,0.0,18.4,0.0,0.0,11.6,1.9,20.4,65.9,1.9,16.5,1.9,15.0,60.2,40.7,34.6,0.1,25.4,0.1,0.0,19.6,11.6,76.7,116.0,6.2,44.2,6.1
16,11.3,直行,NAVIGATING,0.6,0.0,0,/top-app,1017,2323,864,2.9,16.4,9.7,8.7,0.0,10.6,0.0,0.0,10.6,1.9,1.9,25.1,1.9,19.3,2.9,17.1,68.9,50.6,41.9,0.0,24.4,0.3,0.0,30.1,15.2,1.8,103.3,8.3,36.2,6.3
16,12.4,直行,NAVIGATING,0.6,0.0,0,/top-app,1228,2323,864,2.9,15.5,9.7,10.6,0.0,19.3,0.0,0.0,12.6,1.9,1.9,40.6,1.0,20.3,1.9,15.2,66.9,49.5,42.4,0.8,21.7,0.9,0.0,20.6,17.8,7.8,115.4,5.0,26.8,6.9
16,13.4,直行,NAVIGATING,0.6,0.0,0,/top-app,1017,2803,864,2.9,17.4,11.6,9.7,0.0,9.7,0.0,0.0,11.6,1.9,1.0,26.1,2.9,19.3,2.9,16.3,80.2,55.3,36.0,0.0,24.4,0.0,0.0,28.5,10.7,1.7,118.5,9.5,35.7,6.3
16,14.4,直行,NAVIGATING,0.6,0.0,0,/top-app,1459,2803,864,2.9,16.6,9.8,10.8,0.0,21.5,1.0,0.0,11.7,2.0,3.9,44.1,2.0,20.6,2.9,13.7,64.9,51.0,48.2,0.0,38.4,0.5,0.1,34.5,10.6,24.9,156.4,9.6,56.4,10.2
16,15.4,直行,NAVIGATING,0.6,0.0,0,/top-app,1017,2803,3187,3.0,15.7,9.8,9.8,0.0,8.9,0.0,1.0,12.8,2.0,21.6,61.0,1.0,17.7,2.0,11.0,43.7,37.1,36.6,0.2,6.9,0.1,0.0,25.4,8.6,66.1,106.4,5.9,26.4,5.7
16,16.5,直行,NAVIGATING,0.59,0.29,0,/top-app,1113,2803,864,3.0,13.8,9.8,8.9,0.0,20.7,0.0,0.0,9.8,2.0,23.6,73.8,2.0,17.7,2.0,10.7,51.5,33.3,27.6,0.0,31.5,0.0,0.0,15.8,10.1,87.9,125.6,3.6,21.6,4.9
16,17.5,直行,NAVIGATING,0.6,0.56,0,/top-app,1344,2803,3187,2.0,14.8,8.9,8.9,0.0,6.9,0.0,0.0,9.8,2.0,1.0,18.7,1.0,16.7,3.0,16.3,77.6,54.9,38.9,0.0,12.0,0.2,0.0,24.0,8.5,1.9,96.4,5.0,44.9,6.8
16,18.5,直行,NAVIGATING,0.6,0.54,0,/top-app,1017,2803,864,3.9,16.7,10.8,9.8,0.0,21.6,1.0,0.0,13.8,2.0,2.0,47.2,2.0,18.7,2.0,11.7,75.2,54.1,47.2,0.3,53.8,0.6,0.1,32.1,10.5,8.6,123.8,5.0,33.0,9.1
16,19.5,直行,NAVIGATING,0.61,0.21,0,/top-app,1017,2592,864,1.9,16.5,9.7,10.7,0.0,6.8,0.0,0.0,11.7,2.9,1.9,19.5,1.9,19.5,1.9,15.8,50.9,46.7,32.0,0.1,8.5,0.1,0.0,26.0,11.6,0.9,70.6,4.3,35.4,5.0
16,20.5,直行,NAVIGATING,0.6,0.03,0,/top-app,1017,2803,864,2.9,15.7,9.8,8.8,0.0,22.6,0.0,0.0,10.8,1.0,2.9,45.2,1.0,18.7,3.9,18.0,79.7,53.9,32.9,0.2,37.0,0.1,0.0,23.8,10.4,9.3,116.1,7.1,25.6,6.9
16,21.6,直行,NAVIGATING,0.6,0.02,0,/top-app,1228,2457,864,3.9,16.5,10.7,9.7,1.0,6.8,0.0,0.0,11.6,1.9,19.4,40.7,1.9,18.4,1.9,13.6,52.5,42.6,33.8,0.5,8.9,0.6,0.0,21.0,13.3,46.9,111.8,6.9,25.5,6.0
16,22.6,直行,NAVIGATING,0.6,0.0,0,/top-app,1017,2803,864,2.0,14.8,8.9,7.9,0.0,20.7,0.0,0.0,10.8,2.0,25.6,76.7,1.0,17.7,2.0,10.3,52.8,40.6,24.7,0.0,28.5,0.1,0.0,18.2,6.5,83.3,157.9,4.3,21.0,6.8
16,23.6,直行,NAVIGATING,0.6,0.0,0,/top-app,1017,2054,864,3.9,17.4,10.6,9.7,0.0,6.8,0.0,0.0,11.6,1.9,1.9,23.2,1.9,20.3,2.9,16.8,69.8,56.0,34.1,0.1,5.3,0.0,0.0,29.0,12.3,1.7,86.5,5.2,36.1,7.0
16,24.7,直行,NAVIGATING,0.41,0.0,0,/top-app,1017,2323,864,1.9,14.6,8.8,8.8,1.0,20.4,0.0,0.0,11.7,2.9,1.9,40.9,1.0,16.5,2.9,15.6,72.9,68.6,36.7,0.2,54.4,0.6,0.1,33.6,14.5,19.5,136.0,4.8,42.1,7.3
16,25.7,进站,NAVIGATING,0.02,0.0,0,/top-app,1017,2803,864,2.9,16.5,10.7,7.8,0.0,6.8,0.0,0.0,11.7,1.9,1.9,22.4,1.9,20.4,1.9,14.8,75.9,51.9,32.5,0.1,6.1,0.2,0.1,34.5,12.4,3.3,91.5,5.1,35.0,7.9
16,26.7,进站,NAVIGATING,0.19,0.01,0,/top-app,1017,2707,864,2.9,16.5,9.7,10.7,0.0,20.4,0.0,0.0,9.7,1.0,1.9,39.9,1.9,17.5,2.9,20.9,66.0,42.3,38.2,0.6,40.8,0.2,0.0,34.1,12.6,13.1,115.8,5.8,37.2,8.2
16,27.7,进站,NAVIGATING,0.2,0.0,0,/top-app,1017,2323,864,3.9,15.4,10.6,8.7,0.0,8.7,0.0,0.0,11.6,1.9,17.4,39.6,1.9,18.3,1.9,13.3,60.0,51.6,32.0,0.4,7.8,0.1,0.0,26.0,13.2,32.3,102.5,7.1,26.8,8.9
16,28.8,进站,NAVIGATING,0.14,0.0,0,/top-app,1017,2457,864,1.9,15.4,9.7,7.7,0.0,19.3,0.0,0.0,11.6,2.9,28.0,85.9,1.0,18.3,2.9,10.5,49.4,48.9,23.1,0.0,27.8,0.2,0.0,15.1,9.2,107.2,189.2,3.4,23.9,7.2
16,29.8,进站,NAVIGATING,0.03,0.0,0,/top-app,1017,2188,864,2.9,15.4,9.6,7.7,0.0,7.7,0.0,0.0,10.6,1.9,1.9,15.4,1.9,17.4,1.9,15.4,95.3,57.5,50.5,1.6,8.3,1.4,0.0,34.6,16.2,2.3,110.7,6.2,37.9,9.3
16,30.9,静止,NAVIGATING,0.01,0.0,0,/top-app,1017,2188,864,2.9,16.4,10.6,8.7,0.0,21.2,0.0,0.0,11.6,1.9,2.9,49.2,1.9,18.3,1.9,13.7,64.4,50.1,27.0,0.4,40.5,0.0,0.0,24.7,11.2,19.5,139.9,4.8,33.5,6.5
16,31.9,静止,NAVIGATING,0.0,0.0,0,/top-app,1017,2054,864,2.9,17.4,10.6,7.7,0.0,6.8,1.0,0.0,11.6,1.9,2.9,17.4,1.0,19.3,2.9,13.4,69.0,50.7,37.0,0.2,12.2,0.1,0.3,22.5,10.2,2.8,85.2,5.4,26.6,5.2
16,32.9,静止,ARRIVED,0.0,0.0,0,/top-app,1017,2457,864,2.9,11.5,5.8,8.7,0.0,21.1,1.0,0.0,8.7,1.9,1.9,42.3,1.9,16.3,2.9,12.4,67.8,0.0,0.0,0.4,31.5,0.3,0.0,19.6,12.3,2.9,93.2,7.2,21.0,6.2
17,1.0,静止,NAVIGATING,0.0,0.0,0,/top-app,1228,2592,864,2.9,15.6,10.7,7.8,0.0,7.8,0.0,0.0,11.7,1.9,14.6,34.1,1.9,19.5,1.9,14.8,62.1,67.6,52.3,0.2,9.3,0.3,0.0,34.1,7.7,50.6,137.5,5.5,36.1,2.8
17,2.0,转向,NAVIGATING,0.0,0.59,0,/top-app,1017,2054,864,2.9,14.4,9.6,8.6,1.0,20.2,0.0,0.0,10.6,1.9,29.8,84.5,1.9,18.2,1.9,12.8,59.3,40.2,36.3,0.0,19.1,0.1,0.1,20.4,8.7,55.9,127.4,4.3,14.8,5.0
17,3.1,转向,NAVIGATING,0.0,0.6,0,/top-app,1113,2592,864,2.9,18.4,10.7,8.7,0.0,7.8,0.0,0.0,12.6,1.9,2.9,20.4,1.9,20.4,2.9,18.8,78.1,67.1,47.4,1.3,5.0,0.2,0.1,36.6,11.7,3.2,122.6,6.6,46.8,7.9
17,4.1,转向,NAVIGATING,0.0,0.6,0,/top-app,1017,2188,864,2.9,14.5,9.7,6.8,0.0,19.3,0.0,0.0,9.7,1.9,0.0,38.6,1.0,17.4,1.9,12.2,64.8,46.4,36.0,0.2,51.6,0.0,0.0,19.8,13.3,1.8,109.3,4.4,22.9,6.6
17,5.1,转向,NAVIGATING,0.0,0.6,0,/top-app,1113,2803,864,2.9,15.6,9.8,7.8,0.0,9.8,0.0,0.0,10.7,2.0,3.9,25.4,1.0,17.6,2.9,11.9,89.8,71.4,40.8,0.0,12.7,0.1,0.0,26.6,14.7,12.6,94.9,4.8,35.3,6.9
17,6.2,转向,NAVIGATING,0.0,0.59,0,/top-app,1017,2323,864,2.9,16.5,9.7,8.7,0.0,17.4,0.0,0.0,11.6,2.9,0.0,40.7,1.9,19.4,2.9,18.8,67.7,50.0,39.2,0.7,26.1,0.5,0.1,28.9,11.9,0.5,106.3,7.7,24.4,5.9
17,7.2,转向,NAVIGATING,0.0,0.12,0,/top-app,1900,2054,864,2.9,16.4,10.6,7.7,0.0,11.6,0.0,0.0,10.6,1.9,15.4,40.5,1.9,19.3,1.9,14.5,68.5,48.2,41.4,0.2,7.7,0.6,0.0,25.5,11.1,46.9,136.4,7.7,33.4,4.7
17,8.2,静止,NAVIGATING,0.0,0.02,0,/top-app,1017,2054,864,2.9,13.5,7.7,6.8,0.0,15.5,0.0,0.0,10.6,1.9,27.0,81.1,1.9,17.4,1.9,9.9,67.8,47.9,38.5,0.0,13.9,0.2,0.0,27.2,11.0,59.2,129.9,7.1,29.1,6.1
17,9.3,静止,NAVIGATING,0.02,0.02,0,/top-app,1017,2054,864,2.9,16.4,11.6,8.7,0.0,14.5,0.0,0.0,11.6,1.0,3.9,30.9,1.9,21.3,2.9,10.7,60.4,38.6,39.5,0.2,13.3,0.1,0.0,23.3,12.4,14.5,123.9,5.4,30.1,5.6
17,10.3,直行,NAVIGATING,0.54,0.03,0,/top-app,1017,2323,864,2.9,17.3,10.6,10.6,0.0,15.4,1.0,0.0,10.6,2.9,0.0,32.7,1.0,20.2,1.9,13.9,87.3,54.4,60.6,0.1,25.4,0.1,0.0,37.0,15.1,1.1,121.4,5.8,38.8,9.0
17,11.4,直行,NAVIGATING,0.6,0.0,0,/top-app,1017,2457,864,1.9,15.5,8.7,9.7,0.0,16.5,1.0,0.0,11.6,1.9,2.9,34.0,1.9,18.4,2.9,11.9,67.7,59.7,39.6,0.0,16.7,0.1,0.1,38.1,9.6,9.8,111.3,6.4,32.3,5.8
17,12.4,直行,NAVIGATING,0.6,0.0,0,/top-app,1017,2457,864,3.9,16.4,10.6,9.6,1.0,11.6,0.0,0.0,11.6,1.9,1.0,27.0,1.9,17.4,2.9,15.8,64.9,65.9,41.1,1.0,23.0,0.1,0.0,30.1,13.6,0.8,99.9,6.7,29.6,6.5
17,13.4,直行,NAVIGATING,0.6,0.01,0,/top-app,1459,2803,864,3.9,15.6,9.7,9.7,0.0,19.4,0.0,0.0,12.6,2.9,17.5,53.5,1.0,19.4,2.9,19.8,67.9,54.5,44.3,0.1,23.9,0.5,0.0,24.3,9.0,37.2,153.3,6.3,17.5,5.2
17,14.4,直行,NAVIGATING,0.6,0.01,0,/top-app,1017,2803,864,2.9,15.6,10.7,9.7,0.0,8.8,1.0,0.0,10.7,1.0,24.4,70.2,1.9,19.5,1.0,9.7,45.1,55.6,26.4,0.1,11.3,0.1,0.0,17.9,9.2,61.8,130.4,4.3,18.8,5.5
17,15.5,直行,NAVIGATING,0.6,0.0,0,/top-app,1113,2803,864,2.0,16.7,10.8,9.8,0.0,19.7,0.0,0.0,11.8,2.9,2.9,38.3,2.0,19.7,2.9,16.1,83.4,66.7,49.7,2.3,34.4,0.4,0.1,26.7,14.7,11.8,152.0,5.7,57.6,7.8
17,16.5,直行,NAVIGATING,0.59,0.31,0,/top-app,1017,2803,864,2.9,15.7,9.8,9.8,1.0,8.8,0.0,0.0,10.8,2.0,1.0,22.6,1.0,17.7,2.9,21.4,79.8,44.1,51.5,0.2,18.8,0.0,0.0,33.4,15.8,0.7,106.5,5.4,26.7,6.7
17,17.5,直行,NAVIGATING,0.6,0.55,0,/top-app,1017,2803,864,3.0,16.7,9.8,9.8,0.0,21.6,0.0,0.0,11.8,1.0,3.9,42.3,2.0,19.7,3.0,19.3,81.3,46.7,45.8,0.1,41.4,0.7,0.1,29.3,13.7,20.8,149.4,6.5,30.0,5.6
17,18.5,直行,NAVIGATING,0.6,0.54,0,/top-app,1017,2803,864,3.0,14.8,9.8,8.9,0.0,7.9,0.0,0.0,11.8,2.0,1.0,22.6,2.0,18.7,3.0,25.3,85.6,62.9,39.7,3.1,17.9,0.2,0.0,31.4,15.3,3.6,111.5,6.3,39.4,7.3
17,19.5,直行,NAVIGATING,0.61,0.2,0,/top-app,1344,2803,864,3.0,15.7,9.8,8.9,0.0,21.6,0.0,0.0,10.8,2.0,19.7,60.0,2.0,18.7,1.0,16.0,70.5,35.3,44.4,0.2,28.1,0.3,0.0,20.5,9.7,62.2,152.9,5.9,29.1,3.9
17,20.5,直行,NAVIGATING,0.6,0.03,0,/top-app,1017,2803,864,2.0,15.7,9.8,9.8,0.0,6.9,0.0,0.0,11.8,2.0,30.5,67.8,1.0,17.7,2.9,12.7,54.9,41.9,30.3,0.1,3.5,0.3,0.0,29.6,9.2,78.2,104.6,4.5,23.6,3.7
17,21.6,直行,NAVIGATING,0.6,0.0,0,/top-app,1017,2803,864,3.9,16.7,9.8,9.8,1.0,22.6,0.0,0.0,11.8,2.0,3.9,47.2,2.0,19.7,2.0,13.7,64.6,55.3,33.2,2.1,33.7,0.3,0.1,32.6,11.2,14.5,139.1,4.1,28.9,4.7
17,22.6,直行,NAVIGATING,0.6,0.0,0,/top-app,1017,2188,864,2.9,16.4,11.6,9.7,0.0,7.7,0.0,0.0,10.6,2.9,1.0,22.2,1.9,19.3,2.9,11.7,61.9,59.0,35.4,0.2,2.7,0.1,0.0,23.7,11.0,13.2,78.2,4.4,25.7,4.8
17,23.6,直行,NAVIGATING,0.6,0.0,0,/top-app,1017,2803,864,3.0,16.7,8.9,8.9,0.0,22.6,0.0,0.0,11.8,1.0,3.0,42.3,2.0,17.7,3.0,16.8,80.7,52.0,41.7,0.0,34.3,0.6,0.0,32.0,11.5,16.3,129.9,5.9,16.4,7.0
17,24.6,直行,NAVIGATING,0.42,0.0,0,/top-app,1113,2803,864,3.0,14.8,9.8,7.9,0.0,5.9,0.0,0.0,11.8,2.0,1.0,18.7,1.0,17.7,2.0,16.0,73.3,51.4,38.2,0.1,4.4,0.2,0.0,29.3,10.9,1.8,94.4,4.6,33.0,4.9
17,25.7,进站,NAVIGATING,0.02,0.0,0,/top-app,1017,2054,864,2.9,15.4,10.6,8.7,0.0,21.2,0.0,0.0,9.6,1.9,12.5,56.9,1.9,18.3,2.9,13.0,76.2,40.2,49.4,0.6,37.3,0.2,0.1,24.8,15.1,45.3,157.0,7.3,22.5,6.8
17,26.7,进站,NAVIGATING,0.19,0.01,0,/top-app,1017,1920,864,2.9,15.4,8.7,9.7,0.0,6.8,0.0,0.0,9.7,1.9,34.7,73.4,1.0,17.4,1.9,13.4,46.3,40.5,28.2,0.2,2.7,0.0,0.0,18.3,8.8,75.5,109.7,4.3,14.3,4.3
17,27.7,进站,NAVIGATING,0.2,0.0,0,/top-app,1017,1920,864,1.9,14.4,9.6,7.7,0.0,20.2,1.0,0.0,11.5,2.9,2.9,44.2,1.9,17.3,2.9,15.5,78.6,52.2,38.8,0.3,31.0,0.3,0.1,33.1,17.6,23.5,159.6,5.6,25.6,7.0
17,28.8,进站,NAVIGATING,0.14,0.0,0,/top-app,1017,2323,864,3.9,17.5,10.7,8.7,0.0,7.8,1.0,1.0,11.6,1.9,1.0,18.4,1.9,20.4,1.9,19.9,95.0,83.7,46.9,0.1,10.8,0.7,0.3,30.6,16.2,2.0,108.2,9.8,72.3,9.2
17,29.8,进站,NAVIGATING,0.03,0.0,0,/top-app,1017,2054,864,2.9,15.5,8.7,7.7,0.0,23.2,0.0,0.0,9.7,1.9,3.9,48.4,1.0,18.4,2.9,14.4,90.7,51.2,27.7,0.3,34.7,0.2,0.0,19.7,11.8,17.3,150.1,4.9,29.7,6.1
17,30.8,静止,NAVIGATING,0.01,0.0,0,/top-app,1017,1785,864,2.9,16.3,11.5,8.7,1.0,6.7,0.0,0.0,12.5,1.9,1.0,19.2,2.9,19.2,2.9,21.4,90.1,86.6,55.4,0.1,6.4,0.1,0.0,33.9,14.8,1.7,95.7,7.2,35.1,11.1
17,31.9,静止,NAVIGATING,0.0,0.0,0,/top-app,1017,2457,864,1.9,14.5,8.7,6.8,0.0,21.2,1.0,0.0,9.6,1.9,8.7,51.1,1.0,17.4,1.9,23.3,93.6,50.5,41.8,0.0,65.5,0.4,0.4,23.1,14.9,26.7,152.7,9.1,30.2,8.6
17,32.9,静止,ARRIVED,0.0,0.0,0,/top-app,1670,1920,864,2.9,12.5,6.8,8.7,0.0,6.8,0.0,0.0,11.6,1.9,34.7,77.2,1.0,17.4,1.9,13.1,43.4,0.0,0.0,0.1,1.5,0.1,0.0,12.8,6.8,78.6,143.7,3.3,13.0,2.6
18,1.0,静止,NAVIGATING,0.0,0.0,0,/top-app,1017,2188,864,3.9,16.4,10.6,7.7,0.0,22.2,0.0,0.0,11.6,1.9,8.7,49.3,1.9,18.4,1.9,12.8,55.3,49.0,34.9,0.1,34.7,0.1,0.0,22.8,9.1,38.0,111.5,4.0,24.6,6.8
18,2.0,转向,NAVIGATING,0.0,0.59,0,/top-app,1017,2457,864,2.9,16.5,10.7,7.8,0.0,8.7,0.0,0.0,11.7,1.9,2.9,21.4,1.9,18.5,2.9,14.7,70.4,58.4,41.1,0.2,5.6,0.2,0.0,27.9,14.9,9.3,102.8,3.3,20.8,3.8
18,3.1,转向,NAVIGATING,0.0,0.6,0,/top-app,1017,2188,864,2.9,16.4,9.6,8.7,0.0,21.2,0.0,0.0,12.5,1.9,1.0,43.4,1.0,19.3,1.9,17.6,76.9,43.8,34.5,0.8,34.1,0.2,0.2,30.9,12.5,4.0,115.3,3.8,29.5,7.4
18,4.1,转向,NAVIGATING,0.0,0.6,0,/top-app,1017,2323,864,2.9,17.4,11.6,9.6,0.0,8.7,0.0,0.0,11.6,2.9,2.9,22.2,1.9,20.3,1.9,16.6,77.5,46.7,37.1,0.0,7.1,0.1,0.0,20.4,10.0,8.4,114.6,6.2,47.4,8.8
18,5.1,转向,NAVIGATING,0.0,0.6,0,/top-app,1017,2457,864,3.9,16.6,9.7,8.8,0.0,21.4,0.0,0.0,11.7,1.9,1.0,47.7,1.9,19.5,2.9,10.3,73.0,45.7,29.1,0.0,36.8,0.2,0.1,25.9,9.8,1.4,122.7,5.9,42.7,5.4
18,6.2,转向,NAVIGATING,0.0,0.59,0,/top-app,1017,1920,864,1.9,14.5,8.7,6.8,0.0,6.8,0.0,0.0,11.6,1.9,38.7,68.6,1.9,16.4,1.9,10.6,45.7,35.4,23.9,0.2,5.9,0.1,0.0,16.3,7.9,108.4,140.4,3.5,15.7,4.1
18,7.2,转向,NAVIGATING,0.0,0.12,0,/top-app,1017,2592,864,2.9,13.5,9.7,7.7,1.0,18.4,0.0,0.0,10.6,1.9,13.5,59.0,1.0,17.4,2.9,12.2,56.5,39.5,30.1,0.1,21.2,0.0,0.0,27.7,9.6,48.6,142.1,4.9,25.7,7.6
18,8.2,静止,NAVIGATING,0.0,0.02,0,/top-app,1017,2457,864,2.9,16.4,9.7,7.7,0.0,11.6,0.0,0.0,10.6,1.9,2.9,25.1,1.9,18.4,2.9,11.5,69.1,64.9,41.2,0.0,11.5,0.1,0.0,26.1,10.7,18.8,103.0,3.8,34.4,6.3
18,9.3,静止,NAVIGATING,0.02,0.01,0,/top-app,1017,2188,864,2.9,16.5,10.7,8.8,0.0,17.5,0.0,0.0,9.7,1.9,1.0,38.9,1.9,19.4,2.9,12.2,63.5,57.3,37.5,1.0,30.2,0.0,0.0,17.5,12.8,3.5,107.9,5.3,26.9,6.9
18,10.3,直行,NAVIGATING,0.53,0.03,0,/top-app,1017,2188,864,2.9,17.4,10.6,9.7,0.0,12.6,0.0,0.0,11.6,1.9,3.9,28.1,1.0,19.4,2.9,15.1,63.6,61.2,39.2,0.9,13.7,0.2,0.0,21.0,15.3,4.3,102.3,8.8,28.7,6.4
18,11.3,直行,NAVIGATING,0.6,0.01,0,/top-app,1017,2592,864,2.9,15.4,9.6,9.6,0.0,15.4,1.0,0.0,11.5,1.9,1.0,36.5,2.9,17.3,1.9,17.4,72.1,47.9,47.5,4.1,28.9,0.1,0.0,27.8,8.4,1.1,88.0,3.7,29.8,6.2
18,12.4,直行,NAVIGATING,0.6,0.0,0,/top-app,1785,2592,864,2.9,15.6,9.7,8.8,0.0,15.6,0.0,0.0,11.7,2.9,33.1,72.0,1.0,20.4,2.9,9.0,48.7,37.0,31.7,0.2,16.4,0.1,0.0,26.4,8.8,79.3,159.7,4.6,31.7,4.3
18,13.4,直行,NAVIGATING,0.6,0.01,0,/top-app,1017,2188,864,2.9,15.4,9.6,8.7,0.0,10.6,0.0,0.0,10.6,1.9,12.5,41.5,1.9,17.4,1.9,12.2,65.1,41.8,43.1,0.0,14.1,0.0,0.0,31.0,11.0,41.1,104.8,3.3,34.1,5.9
18,14.5,直行,NAVIGATING,0.6,0.0,0,/top-app,1017,2054,864,2.9,16.4,10.6,9.6,0.0,15.4,0.0,0.0,12.5,1.9,1.9,35.6,1.0,19.3,1.9,13.6,60.2,48.1,30.7,0.1,24.2,0.2,0.0,21.0,6.4,12.1,112.6,5.0,30.3,3.7
18,15.5,直行,NAVIGATING,0.6,0.0,0,/top-app,1017,2457,864,2.9,15.6,8.8,8.8,0.0,11.7,0.0,0.0,10.7,1.0,1.0,29.2,1.9,17.5,2.9,16.7,62.8,44.6,42.6,0.3,16.6,0.1,0.0,23.7,12.7,0.5,95.0,5.1,21.9,4.3
18,16.5,直行,NAVIGATING,0.59,0.31,0,/top-app,1344,2803,864,2.9,15.6,10.7,10.7,0.0,18.5,0.0,0.0,10.7,2.9,3.9,36.1,2.0,18.5,2.0,21.9,86.3,66.6,51.2,0.1,45.8,0.1,0.0,58.0,20.0,15.8,150.1,7.3,66.2,5.8
18,17.5,直行,NAVIGATING,0.6,0.55,0,/top-app,1017,2803,864,2.9,17.7,10.8,9.8,0.0,9.8,0.0,0.0,12.8,2.0,0.0,25.5,1.0,19.6,2.9,18.9,100.4,61.2,42.6,0.2,25.8,0.2,0.0,33.1,12.0,1.3,91.6,5.2,44.3,8.4
18,18.5,直行,NAVIGATING,0.6,0.56,0,/top-app,2016,2054,864,2.9,14.7,8.8,8.8,1.0,18.7,1.0,0.0,11.8,2.0,30.4,75.6,2.0,18.7,2.0,10.6,59.8,37.3,29.0,0.2,18.3,0.0,0.0,26.4,7.2,95.2,208.3,3.7,30.5,5.7
18,19.6,直行,NAVIGATING,0.61,0.18,0,/top-app,1017,2803,3187,3.0,16.7,10.8,10.8,0.0,7.9,0.0,0.0,11.8,2.0,17.7,47.2,2.0,18.7,2.0,12.8,68.5,44.8,32.6,0.4,6.3,0.0,0.0,20.6,11.5,46.2,104.0,6.0,22.2,4.7
18,20.6,直行,NAVIGATING,0.6,0.03,0,/top-app,1017,2803,864,3.0,14.8,7.9,7.9,0.0,19.7,0.0,0.0,10.8,2.0,3.0,39.3,1.0,16.7,3.0,20.5,70.5,43.1,32.0,0.0,37.2,0.3,0.0,33.1,16.5,13.8,126.5,4.4,27.3,4.6
18,21.6,直行,NAVIGATING,0.6,0.01,0,/top-app,1228,2803,3187,2.9,16.7,10.8,9.8,0.0,7.9,0.0,0.0,11.8,2.0,2.9,23.6,2.0,20.6,2.9,18.2,84.6,47.5,42.3,0.5,11.3,0.1,0.0,41.9,16.1,2.0,115.7,7.7,30.9,7.5
18,22.6,直行,NAVIGATING,0.6,0.0,0,/top-app,1017,2803,864,2.9,16.7,10.8,10.8,0.0,20.6,1.0,0.0,11.8,2.0,2.0,46.1,2.0,18.7,2.0,12.8,80.5,56.7,43.2,0.1,44.7,0.2,0.1,29.0,12.0,17.1,127.2,6.7,30.9,5.6
18,23.6,直行,NAVIGATING,0.6,0.01,0,/top-app,1017,2323,864,2.9,15.5,9.7,8.7,0.0,7.8,0.0,0.0,11.6,1.9,1.0,21.3,1.9,18.4,2.9,14.8,55.8,58.5,40.0,0.0,13.5,0.0,0.0,30.6,10.9,0.6,91.5,6.0,25.6,5.2
18,24.7,直行,NAVIGATING,0.41,0.0,0,/top-app,1459,2323,864,2.9,14.6,9.7,7.8,0.0,19.4,0.0,0.0,10.7,1.9,25.3,67.0,1.0,16.5,1.9,10.6,42.9,39.1,27.4,0.3,15.4,0.2,0.0,21.4,6.2,61.7,149.8,3.5,13.7,4.4
18,25.7,静止,NAVIGATING,0.01,0.0,0,/top-app,1017,2323,864,2.9,16.3,10.6,8.6,0.0,7.7,0.0,0.0,11.5,2.9,16.3,49.0,1.0,19.2,2.9,14.1,58.5,40.5,26.9,0.1,1.7,0.1,0.1,16.0,7.5,58.3,104.6,4.8,17.6,4.6
18,26.7,进站,NAVIGATING,0.18,0.01,0,/top-app,1017,2457,864,2.9,14.7,8.8,10.8,0.0,19.6,0.0,0.0,10.8,1.0,2.9,42.2,2.0,16.7,2.0,14.6,71.3,45.8,37.3,0.0,27.0,0.1,0.0,27.6,11.9,7.9,117.5,5.2,24.7,6.4
18,27.8,进站,NAVIGATING,0.2,0.0,0,/top-app,1017,2592,864,2.9,17.3,11.6,7.7,1.0,8.7,0.0,0.0,12.5,1.9,1.0,21.2,2.9,20.2,2.9,17.7,62.7,62.7,33.2,1.2,4.4,0.0,0.0,21.8,11.0,2.2,81.8,4.5,32.3,5.7
18,28.8,进站,NAVIGATING,0.15,0.0,0,/top-app,1017,2592,864,1.9,16.4,9.6,8.7,0.0,21.2,1.0,0.0,11.6,2.9,4.8,48.2,1.0,19.3,2.9,15.8,66.1,54.2,43.3,1.8,41.6,0.1,0.4,25.7,14.3,10.2,134.8,4.7,35.8,6.9
18,29.8,进站,NAVIGATING,0.03,0.0,0,/top-app,1017,1651,864,3.8,16.4,10.6,7.7,0.0,7.7,0.0,0.0,10.6,1.9,1.0,15.4,1.9,19.2,1.9,15.0,65.2,66.5,36.9,0.4,12.4,0.5,0.0,28.5,13.8,3.8,98.4,5.9,29.1,5.8
18,30.9,静止,NAVIGATING,0.01,0.0,0,/top-app,1017,2457,864,1.9,13.5,8.7,5.8,0.0,18.3,0.0,0.0,9.6,1.0,27.0,74.2,1.9,15.4,1.9,14.7,70.6,58.1,33.3,0.0,30.6,0.1,0.0,24.1,12.0,57.2,177.4,4.7,42.4,5.4
18,31.9,静止,NAVIGATING,0.0,0.0,0,/top-app,1228,2803,864,3.9,16.4,9.6,9.6,0.0,7.7,0.0,0.0,11.6,2.9,21.2,48.1,1.0,18.3,2.9,14.3,56.9,49.2,35.9,0.1,3.9,0.2,0.0,24.0,15.6,52.3,107.2,5.2,26.2,4.4
18,33.0,静止,ARRIVED,0.0,0.0,0,/top-app,1017,2592,864,2.9,14.4,7.7,8.7,0.0,21.1,0.0,0.0,12.5,1.9,3.8,47.1,1.0,19.2,1.9,17.5,59.0,0.0,0.0,0.3,32.4,0.0,0.0,25.4,15.3,11.7,130.1,4.7,25.7,3.2
19,1.0,静止,NAVIGATING,0.0,0.0,0,/top-app,1017,2457,864,2.9,15.4,10.6,7.7,0.0,7.7,0.0,0.0,9.6,1.9,2.9,19.3,1.9,18.3,2.9,10.5,63.8,56.9,50.8,0.0,2.9,0.1,0.0,23.5,10.8,13.1,104.9,5.0,28.5,5.4
19,2.0,转向,NAVIGATING,0.0,0.59,0,/top-app,1017,2592,864,2.9,16.5,9.7,8.7,1.0,21.3,1.0,0.0,11.6,1.9,1.0,48.4,1.9,19.4,2.9,12.6,52.5,44.8,31.0,0.1,32.7,0.2,0.0,26.4,8.1,2.4,113.2,3.2,24.7,3.9
19,3.1,转向,NAVIGATING,0.0,0.6,0,/top-app,1017,2457,864,2.9,17.3,10.6,8.7,0.0,7.7,0.0,0.0,12.5,2.9,2.9,20.2,1.9,19.2,2.9,13.1,58.9,55.5,33.4,0.1,7.3,0.2,0.0,34.0,12.4,9.7,108.1,5.0,37.6,5.1
19,4.1,转向,NAVIGATING,0.0,0.6,0,/top-app,1017,2457,864,2.9,15.4,9.6,6.8,0.0,19.3,0.0,0.0,10.6,1.0,20.3,68.5,1.9,17.4,1.9,10.6,53.4,45.1,33.7,0.1,33.4,0.1,0.0,19.9,11.9,62.7,186.5,3.8,26.0,7.2
19,5.2,转向,NAVIGATING,0.0,0.6,0,/top-app,1017,2323,864,2.9,14.4,9.6,8.7,0.0,8.7,0.0,1.0,11.5,2.9,21.1,53.8,1.9,19.2,1.9,15.1,74.9,44.3,32.3,0.0,9.4,0.1,0.0,25.0,14.3,61.3,122.0,6.0,23.2,4.0
19,6.2,转向,NAVIGATING,0.0,0.59,0,/top-app,1017,2188,864,2.9,14.4,9.6,6.7,0.0,19.3,0.0,0.0,9.6,1.0,1.9,42.4,1.0,17.3,1.9,11.6,68.8,47.0,32.3,0.2,41.8,0.1,0.0,25.0,7.9,0.8,102.6,5.3,32.5,5.2
19,7.2,转向,NAVIGATING,0.0,0.12,0,/top-app,1017,2457,864,1.9,17.5,9.7,8.8,0.0,9.7,1.0,0.0,11.7,2.9,3.9,22.4,1.9,19.4,2.9,18.0,91.5,59.2,39.1,0.1,12.2,0.1,0.0,24.9,10.2,11.7,111.6,8.8,34.5,4.7
19,8.3,静止,NAVIGATING,0.0,0.02,0,/top-app,1017,2323,864,2.9,15.5,9.7,6.8,0.0,17.4,0.0,0.0,10.6,1.9,0.0,41.5,1.0,17.4,2.9,12.0,59.3,44.9,34.1,0.0,33.8,0.1,0.1,21.8,10.9,1.2,89.4,4.7,18.6,6.2
19,9.3,静止,NAVIGATING,0.02,0.01,0,/top-app,1017,2457,864,3.9,17.4,10.6,9.6,1.0,11.6,0.0,0.0,11.6,1.9,3.9,24.1,1.9,19.3,2.9,19.2,58.7,51.8,41.5,0.5,13.7,0.6,0.0,31.7,13.0,5.4,114.7,6.5,26.8,5.0
19,10.3,直行,NAVIGATING,0.56,0.02,0,/top-app,1017,2457,864,1.9,13.5,9.6,8.7,0.0,15.4,0.0,0.0,9.6,1.9,20.2,68.2,1.0,16.3,1.9,14.2,49.7,36.9,29.8,0.2,26.6,0.0,0.0,25.0,8.8,51.0,139.2,4.6,22.8,4.3
19,11.4,直行,NAVIGATING,0.6,0.0,0,/top-app,1113,2592,864,2.9,15.5,8.7,8.7,0.0,13.6,0.0,0.0,11.6,1.0,29.0,73.6,1.9,20.3,2.9,9.4,38.2,32.4,23.2,0.2,14.1,0.1,0.0,15.9,6.2,95.2,134.2,2.5,29.6,3.8
19,12.4,直行,NAVIGATING,0.6,0.0,0,/top-app,1017,2054,864,2.9,16.4,10.6,10.6,0.0,14.5,0.0,0.0,12.5,2.9,1.0,33.7,1.9,18.3,1.9,14.4,58.4,51.1,37.2,2.2,21.4,0.1,0.0,19.9,10.3,1.0,85.3,5.8,33.5,5.3
19,13.5,直行,NAVIGATING,0.6,0.0,0,/top-app,1017,2457,864,3.9,16.4,10.6,8.7,0.0,17.4,0.0,0.0,11.6,1.9,7.7,37.6,1.9,19.3,1.9,14.9,67.9,67.9,38.2,0.6,22.6,0.2,0.0,24.3,8.7,22.2,101.2,4.1,24.1,7.4
19,14.5,直行,NAVIGATING,0.6,0.0,0,/top-app,1017,2457,864,1.9,15.6,8.8,9.7,0.0,11.7,0.0,0.0,11.7,1.0,0.0,32.2,1.9,18.5,2.9,12.9,64.6,34.5,37.6,0.0,23.1,0.1,0.0,28.9,13.8,2.2,109.9,4.8,34.9,6.9
19,15.5,直行,NAVIGATING,0.6,0.0,0,/top-app,1017,2803,864,2.9,14.5,9.6,7.7,0.0,17.4,1.0,0.0,10.6,2.9,3.9,31.8,1.0,17.4,1.9,12.8,67.7,50.9,44.2,0.2,31.2,0.6,0.0,25.2,16.2,33.8,131.5,6.9,34.7,8.8
19,16.5,直行,NAVIGATING,0.59,0.33,0,/top-app,1344,2803,864,2.9,15.7,9.8,10.8,0.0,9.8,0.0,0.0,11.8,2.0,14.7,46.2,2.0,18.7,2.9,13.6,74.7,47.4,35.2,0.0,32.7,0.0,0.0,29.5,13.5,14.3,108.9,11.2,50.6,5.5
19,17.5,直行,NAVIGATING,0.6,0.57,0,/top-app,1900,2803,2956,2.9,15.7,9.8,8.8,0.0,17.7,1.0,0.0,11.8,2.0,34.4,84.5,2.0,18.7,2.0,11.2,45.5,29.3,24.2,0.1,27.6,0.1,0.0,18.4,8.3,131.6,150.7,2.8,22.6,6.7
19,18.6,直行,NAVIGATING,0.6,0.54,0,/top-app,1017,2803,2956,2.9,16.7,9.8,9.8,1.0,7.9,0.0,0.0,10.8,2.0,1.0,27.5,1.0,17.7,2.9,12.3,54.6,52.1,37.8,0.6,10.2,0.1,0.1,27.7,8.9,7.2,86.9,4.4,28.0,6.0
19,19.6,直行,NAVIGATING,0.61,0.16,0,/top-app,1017,2803,2956,2.9,15.7,10.8,7.9,0.0,19.7,0.0,0.0,11.8,2.0,3.9,37.4,2.0,19.7,2.0,12.7,67.7,42.0,35.9,0.0,22.9,0.1,0.0,19.6,11.6,14.6,111.8,5.1,21.0,4.9
19,20.6,直行,NAVIGATING,0.6,0.04,0,/top-app,1017,2054,864,2.9,16.6,10.7,10.7,0.0,10.7,0.0,0.0,12.7,2.0,1.0,27.3,1.0,18.5,2.9,15.9,72.7,59.4,38.4,0.0,14.8,0.1,0.0,36.9,12.8,1.1,113.2,4.5,32.0,6.5
19,21.6,直行,NAVIGATING,0.6,0.01,0,/top-app,1017,2803,2956,3.9,16.7,9.8,9.8,1.0,19.6,0.0,0.0,11.8,2.0,2.9,39.2,2.0,19.6,2.9,13.2,74.1,55.1,28.5,0.6,44.7,0.2,0.0,26.1,9.0,11.6,119.2,4.9,35.5,6.9
19,22.6,直行,NAVIGATING,0.6,0.0,0,/top-app,1017,2707,864,2.0,15.7,10.8,8.8,0.0,8.8,0.0,0.0,10.8,2.0,3.9,26.5,2.9,17.7,2.9,15.3,69.4,44.4,45.4,0.8,12.9,0.1,0.1,37.3,12.0,8.5,96.3,5.3,24.9,6.8
19,23.7,直行,NAVIGATING,0.6,0.0,0,/top-app,1459,2457,864,2.9,12.7,8.8,7.8,0.0,17.6,0.0,0.0,11.8,2.0,35.3,83.3,1.0,17.6,2.0,12.1,49.4,34.8,31.1,0.1,22.0,0.1,0.0,19.1,6.6,131.7,194.2,3.9,20.0,5.3
19,24.7,直行,NAVIGATING,0.4,0.0,0,/top-app,1017,2457,864,2.9,17.5,10.7,8.7,0.0,7.8,0.0,0.0,10.7,2.9,7.8,27.2,1.9,19.4,2.9,20.4,59.5,53.8,45.0,0.6,5.8,0.2,0.0,35.1,8.6,45.6,106.1,5.8,27.6,7.2
19,25.7,静止,NAVIGATING,0.01,0.0,0,/top-app,1017,2592,864,2.9,13.5,7.7,7.7,0.0,20.3,0.0,0.0,10.6,1.0,3.9,43.5,1.0,16.4,1.9,11.7,76.7,49.0,43.3,0.1,35.2,0.8,0.1,34.4,17.8,7.9,124.8,5.4,31.1,7.4
19,26.8,进站,NAVIGATING,0.19,0.0,0,/top-app,1017,2054,864,2.9,17.4,11.6,11.6,0.0,7.7,0.0,0.0,11.6,1.9,1.0,22.2,1.9,19.3,2.9,13.8,72.6,52.8,35.4,0.0,5.5,0.0,0.0,23.5,9.9,0.8,73.8,4.9,23.1,8.5
19,27.8,进站,NAVIGATING,0.2,0.0,0,/top-app,1017,1920,864,2.9,16.4,9.6,8.7,1.0,22.1,0.0,0.0,12.5,1.9,3.9,49.1,1.9,19.3,1.9,10.9,57.8,40.3,25.9,0.4,34.0,0.2,0.0,27.3,9.4,25.6,121.9,5.6,21.2,4.9
19,28.8,进站,NAVIGATING,0.13,0.0,0,/top-app,1017,2592,864,2.9,16.4,9.6,7.7,0.0,7.7,0.0,0.0,10.6,2.9,1.0,14.4,1.9,17.3,2.9,17.2,54.9,49.9,30.5,0.0,1.6,0.2,0.1,25.3,13.1,1.1,82.9,5.8,23.5,5.6
19,29.9,进站,NAVIGATING,0.02,0.0,0,/top-app,1113,2457,864,2.9,13.5,9.6,6.7,0.0,18.3,1.0,0.0,10.6,1.0,33.7,88.6,0.0,17.3,2.9,10.6,42.7,31.5,22.4,0.4,22.9,0.2,0.0,15.2,10.0,105.7,188.6,3.4,14.0,3.2
19,30.9,静止,NAVIGATING,0.01,0.0,0,/top-app,1228,2188,864,2.9,16.4,10.6,9.6,0.0,8.7,0.0,0.0,11.6,1.9,9.6,29.8,1.9,19.3,1.9,15.0,63.6,61.6,29.9,0.2,5.0,0.1,0.0,24.3,9.8,34.4,89.1,5.4,26.4,8.2
19,32.0,静止,NAVIGATING,0.0,0.0,0,/top-app,1017,2323,864,2.9,16.4,9.6,6.7,0.0,20.2,1.0,0.0,11.6,2.9,2.9,47.2,1.9,19.3,2.9,18.5,73.3,52.3,35.3,0.0,34.2,0.2,0.0,25.7,14.8,19.9,115.3,7.1,20.9,6.3
19,33.0,静止,ARRIVED,0.0,0.0,0,/top-app,1113,2323,864,2.9,14.5,5.8,9.7,0.0,6.8,0.0,0.0,11.6,1.9,3.9,17.4,1.9,18.4,1.0,12.5,62.7,0.0,0.0,0.2,6.4,0.4,0.0,26.4,9.9,6.9,108.9,5.1,29.7,2.3
20,1.0,静止,NAVIGATING,0.0,0.0,0,/top-app,1017,2457,864,2.9,14.6,10.7,8.8,0.0,21.4,1.0,0.0,11.7,1.9,0.0,39.9,1.9,18.5,2.9,14.6,63.2,94.3,41.0,0.3,39.2,0.0,0.0,25.9,11.6,1.4,118.9,7.3,29.2,5.2
20,2.0,转向,NAVIGATING,0.0,0.59,0,/top-app,1113,2707,864,2.9,17.5,10.7,8.8,0.0,6.8,0.0,0.0,11.7,1.9,1.9,21.4,1.9,19.5,1.9,13.7,73.6,80.7,44.2,0.1,8.8,0.4,0.0,34.6,12.2,20.9,94.8,9.1,32.3,4.9
20,3.1,转向,NAVIGATING,0.0,0.6,0,/top-app,1017,2457,864,2.9,13.5,8.7,6.8,0.0,19.3,0.0,0.0,11.6,1.9,31.9,85.1,1.0,16.4,2.9,14.2,54.6,50.4,32.5,0.2,29.6,0.1,0.0,28.0,9.7,64.5,156.8,4.7,12.8,3.8
20,4.1,转向,NAVIGATING,0.0,0.6,0,/top-app,1017,2592,864,3.9,17.3,10.6,8.7,0.0,7.7,0.0,0.0,12.5,1.9,12.5,29.8,1.9,19.3,1.9,17.9,63.8,77.1,43.1,0.1,4.8,0.5,0.0,42.3,8.6,52.1,119.7,6.7,37.1,5.6
20,5.1,转向,NAVIGATING,0.0,0.6,0,/top-app,1017,2592,864,1.9,14.5,9.7,7.7,0.0,19.3,0.0,0.0,10.6,1.9,1.0,43.5,1.0,17.4,2.9,15.2,70.1,60.1,36.5,0.0,46.5,0.4,0.0,34.5,10.0,1.1,100.2,5.4,36.0,8.1
20,6.2,转向,NAVIGATING,0.0,0.6,0,/top-app,1017,2803,864,3.9,16.4,10.6,7.7,1.0,8.7,0.0,0.0,11.6,1.9,3.9,22.2,2.9,18.3,1.9,19.9,80.4,77.0,39.9,0.3,8.3,0.6,0.0,37.4,11.7,10.8,92.5,7.1,31.6,9.5
20,7.2,转向,NAVIGATING,0.0,0.12,0,/top-app,1017,2803,864,2.9,16.5,9.7,8.8,0.0,19.5,0.0,0.0,12.7,2.9,1.9,40.9,1.9,18.5,2.9,15.4,104.3,68.5,51.1,0.2,42.7,0.0,0.1,37.9,12.1,3.2,121.1,7.0,37.1,7.6
20,8.2,静止,NAVIGATING,0.0,0.02,0,/top-app,1017,2457,864,2.9,16.3,9.6,8.6,0.0,8.6,0.0,0.0,11.5,1.9,2.9,19.2,1.0,20.2,2.9,14.0,69.7,54.1,39.6,0.1,7.3,0.3,0.0,33.6,16.8,8.8,90.3,4.7,24.1,4.9
20,9.3,静止,NAVIGATING,0.03,0.02,0,/top-app,1017,2592,864,1.9,15.4,9.6,7.7,0.0,18.3,0.0,0.0,10.6,1.9,32.7,87.6,1.0,17.3,2.9,9.3,57.6,38.0,26.7,0.2,21.9,0.3,0.0,21.8,8.8,53.2,149.3,2.9,15.9,3.5
20,10.3,直行,NAVIGATING,0.57,0.04,0,/top-app,1017,2707,864,2.9,14.5,8.7,8.7,0.0,10.7,0.0,0.0,10.7,1.9,17.4,43.6,1.9,18.4,1.0,12.1,59.9,45.1,47.3,0.0,10.8,0.7,0.0,29.7,8.0,59.9,110.6,5.9,23.9,7.3
20,11.4,直行,NAVIGATING,0.6,0.0,0,/top-app,1017,2054,864,2.9,15.4,9.6,9.6,0.0,17.3,0.0,0.0,11.6,1.9,1.0,38.5,1.0,19.3,3.9,14.2,64.0,62.5,36.0,0.0,25.1,0.2,0.1,39.4,9.2,1.6,92.0,4.9,23.6,4.9
20,12.4,直行,NAVIGATING,0.6,0.01,0,/top-app,1017,2803,864,2.9,17.5,10.7,9.7,0.0,12.7,1.0,0.0,10.7,1.9,1.9,28.2,2.9,19.5,1.9,11.5,69.7,45.1,29.6,0.7,14.4,0.7,0.0,44.9,15.0,12.3,107.2,7.2,34.5,9.8
20,13.4,直行,NAVIGATING,0.6,0.01,0,/top-app,1017,2188,864,2.9,15.4,9.6,8.7,0.0,13.5,0.0,0.0,10.6,1.9,1.0,32.8,1.0,18.3,2.9,13.4,73.6,63.2,33.7,0.1,29.3,0.0,0.0,27.4,11.0,1.1,96.3,5.9,26.9,5.6
20,14.4,直行,NAVIGATING,0.6,0.0,0,/top-app,1017,2054,864,1.9,14.6,9.7,9.7,0.0,14.6,0.0,0.0,11.6,1.9,2.9,27.2,1.9,17.5,1.9,15.8,62.9,60.9,35.2,0.2,18.7,0.3,0.0,28.0,13.0,12.4,91.2,6.1,20.7,6.6
20,15.5,直行,NAVIGATING,0.6,0.0,0,/top-app,1017,2707,864,3.9,15.5,8.7,9.7,0.0,11.6,0.0,0.0,12.6,1.9,30.0,74.4,1.9,18.4,2.9,11.1,45.5,40.9,23.8,0.2,14.9,0.3,0.0,20.8,7.9,42.5,111.7,3.3,11.1,4.1
20,16.5,直行,NAVIGATING,0.59,0.35,0,/top-app,1017,2803,2956,2.9,15.6,8.8,8.8,1.0,16.6,0.0,0.0,10.7,2.0,17.6,69.3,1.0,17.6,2.0,9.9,54.7,45.5,38.7,0.1,22.1,0.5,0.0,20.2,9.9,82.4,155.5,5.7,28.5,4.9
20,17.5,直行,NAVIGATING,0.6,0.56,0,/top-app,1017,2803,864,2.9,16.6,10.7,9.8,0.0,10.7,0.0,0.0,11.7,2.0,1.0,28.3,1.0,19.5,2.0,15.8,89.3,68.5,51.2,0.1,60.6,0.1,0.1,37.6,17.4,1.0,103.4,8.7,83.3,4.8
20,18.5,直行,NAVIGATING,0.6,0.55,0,/top-app,1017,2803,864,3.0,16.7,9.8,9.8,1.0,18.7,0.0,0.0,13.8,2.0,3.0,36.4,2.0,18.7,3.0,10.3,64.6,38.5,34.4,0.4,29.5,0.3,0.0,41.0,7.7,17.7,132.2,6.0,44.7,3.4
20,19.6,直行,NAVIGATING,0.6,0.14,0,/top-app,1017,2803,864,2.0,13.8,8.8,7.9,0.0,7.9,0.0,0.0,8.8,2.0,1.0,19.7,2.0,16.7,2.0,16.7,57.9,44.2,41.9,0.0,10.8,0.0,0.0,25.0,9.5,0.3,83.2,6.0,26.5,5.8
20,20.6,直行,NAVIGATING,0.6,0.03,0,/top-app,1017,2803,864,2.9,16.7,10.8,10.8,0.0,17.7,1.0,1.0,11.8,2.9,2.9,41.3,2.0,18.7,2.9,14.4,62.3,61.8,32.7,0.4,33.1,0.3,0.0,31.3,8.8,25.9,138.5,7.8,36.1,6.2
20,21.6,直行,NAVIGATING,0.6,0.0,0,/top-app,1017,2803,864,3.9,14.8,8.9,7.9,0.0,8.9,0.0,0.0,10.8,1.0,21.6,53.1,1.0,17.7,2.0,9.4,70.1,56.7,34.9,0.4,13.6,0.5,0.0,26.3,9.5,26.1,124.3,6.3,18.8,6.4
20,22.6,直行,NAVIGATING,0.6,0.0,0,/top-app,1017,2457,864,1.9,14.5,9.7,8.7,0.0,19.4,0.0,0.0,10.6,1.9,24.2,79.4,1.9,18.4,2.9,13.9,46.2,38.4,19.6,0.1,14.0,0.6,0.2,17.9,7.3,80.0,151.3,5.3,13.4,2.9
20,23.7,直行,NAVIGATING,0.6,0.0,0,/top-app,1017,2803,864,3.0,15.7,9.8,8.9,0.0,6.9,0.0,0.0,10.8,2.0,1.0,21.6,1.0,19.7,2.0,17.5,97.2,54.6,40.4,0.5,8.4,0.0,0.0,27.3,9.9,1.0,102.3,7.9,32.6,8.6
20,24.7,直行,NAVIGATING,0.39,0.0,0,/top-app,1017,2457,864,2.9,15.7,7.8,7.8,0.0,19.6,0.0,0.0,11.7,2.0,2.9,42.1,2.0,16.6,2.9,14.7,84.3,59.0,60.6,0.9,35.4,0.8,0.1,30.4,10.1,15.4,145.1,4.9,34.1,8.3
20,25.7,静止,NAVIGATING,0.0,0.0,0,/top-app,1017,2054,864,2.9,16.4,11.6,7.7,0.0,8.7,0.0,0.0,11.6,1.9,1.0,21.2,1.9,21.2,2.9,15.9,86.4,62.1,35.3,0.0,6.2,0.2,0.0,24.8,13.7,1.9,92.7,9.1,54.0,8.8
20,26.7,进站,NAVIGATING,0.2,0.0,0,/top-app,1017,2592,864,3.9,15.5,9.7,11.6,0.0,20.3,1.0,0.0,11.6,1.9,2.9,43.5,1.0,16.4,1.9,13.6,85.8,56.5,33.3,0.1,27.4,0.3,0.0,34.0,15.5,6.5,108.1,6.2,41.2,5.8
20,27.8,进站,NAVIGATING,0.2,0.0,0,/top-app,1017,2457,864,2.9,16.4,9.6,7.7,1.0,7.7,0.0,0.0,10.6,1.9,16.4,35.6,1.9,20.2,2.9,13.6,58.9,68.9,32.3,0.5,7.3,0.2,0.0,32.3,11.0,37.1,117.8,3.6,34.0,4.7
20,28.8,进站,NAVIGATING,0.12,0.0,0,/top-app,1017,2323,864,1.9,13.5,8.7,6.8,0.0,17.4,0.0,1.0,11.6,1.9,30.9,79.1,1.9,16.4,1.0,12.3,46.9,44.2,28.9,0.1,13.6,0.3,0.0,19.1,12.1,114.5,149.6,9.1,10.6,4.5
20,29.9,进站,NAVIGATING,0.02,0.0,0,/top-app,1017,2592,864,2.9,16.4,9.7,7.7,0.0,6.8,1.0,0.0,11.6,2.9,1.0,15.5,1.9,18.4,3.9,12.9,73.7,67.7,68.8,0.6,3.5,0.9,0.0,33.5,13.5,1.1,118.2,4.9,32.8,5.4
20,30.9,静止,NAVIGATING,0.01,0.0,0,/top-app,1017,2457,864,2.9,14.5,9.6,8.7,0.0,21.2,0.0,0.0,10.6,1.0,2.9,44.3,1.0,17.3,1.9,12.9,64.1,44.6,40.0,0.1,36.2,0.2,0.0,30.9,13.5,6.6,126.4,6.0,20.9,4.6
20,31.9,静止,NAVIGATING,0.0,0.0,0,/top-app,1459,2592,864,2.9,17.3,10.6,8.7,0.0,7.7,0.0,0.0,12.5,2.9,1.0,21.2,2.9,19.3,2.9,17.0,81.9,66.1,56.6,0.0,5.9,0.6,0.0,31.3,13.1,1.7,107.7,7.8,40.5,5.4
20,33.0,静止,ARRIVED,0.0,0.0,0,/top-app,1017,2188,864,1.9,12.6,5.8,6.8,0.0,16.5,0.0,0.0,8.7,1.9,3.9,34.0,0.0,16.5,1.0,12.7,75.4,0.0,0.0,0.1,29.9,0.0,0.0,32.2,12.7,23.8,151.8,4.9,24.0,6.1
21,1.0,静止,NAVIGATING,0.0,0.0,0,/top-app,1670,2592,864,3.9,16.4,10.6,8.7,0.0,6.8,0.0,0.0,11.6,1.9,14.5,36.8,1.9,19.3,2.9,15.7,84.7,79.3,48.2,0.6,7.3,0.2,0.0,29.5,14.7,50.9,144.5,6.9,34.9,5.7
21,2.1,转向,NAVIGATING,0.0,0.59,0,/top-app,1017,2457,864,1.9,15.3,9.6,7.7,1.0,17.3,0.0,0.0,11.5,1.0,29.7,79.6,1.9,18.2,2.9,9.4,66.3,50.9,28.5,0.2,25.0,0.2,0.0,26.0,7.8,102.9,181.9,4.9,29.8,3.5
21,3.1,转向,NAVIGATING,0.0,0.6,0,/top-app,1017,2188,864,2.9,17.4,10.6,8.7,0.0,7.7,0.0,0.0,11.6,2.9,2.9,21.3,1.9,19.3,2.9,16.7,99.7,60.9,39.4,0.8,13.0,2.9,0.0,37.5,15.7,10.7,129.6,5.0,48.2,5.9
21,4.1,转向,NAVIGATING,0.0,0.6,0,/top-app,1017,2054,864,2.9,14.5,9.7,7.7,0.0,20.3,0.0,0.0,9.7,1.9,1.9,40.7,1.0,16.5,1.9,19.5,74.0,50.5,32.9,0.2,25.6,0.1,0.0,30.6,10.6,3.0,128.5,6.4,30.1,4.4
21,5.2,转向,NAVIGATING,0.0,0.6,0,/top-app,1017,2457,864,2.9,16.5,9.7,8.7,0.0,6.8,0.0,0.0,12.6,1.9,1.9,20.3,1.9,19.4,1.9,14.7,75.9,52.0,38.1,0.6,1.7,0.1,0.0,30.4,11.9,21.2,99.7,3.4,32.9,4.9
21,6.2,转向,NAVIGATING,0.0,0.6,0,/top-app,1017,2592,864,2.9,14.4,9.6,7.7,0.0,16.3,0.0,0.0,10.6,1.9,1.0,36.5,1.9,17.3,2.9,15.6,97.5,57.5,34.2,0.4,37.1,0.2,0.0,32.5,11.6,7.2,118.6,6.7,29.4,5.9
21,7.2,转向,NAVIGATING,0.0,0.12,0,/top-app,1017,2323,864,3.9,17.5,9.7,7.8,0.0,8.7,0.0,0.0,11.7,1.9,16.5,34.0,1.0,19.4,1.9,12.7,94.3,65.5,38.3,0.2,4.6,0.4,0.1,32.2,13.7,43.2,129.3,7.4,25.1,6.9
21,8.3,静止,NAVIGATING,0.0,0.02,0,/top-app,1017,2592,864,1.9,15.5,9.7,7.7,0.0,19.3,0.0,0.0,9.7,1.9,26.1,81.2,1.9,18.4,1.9,10.4,54.5,49.5,26.7,0.2,18.0,0.0,0.0,21.9,8.5,78.3,137.1,4.4,23.2,4.0
21,9.3,静止,NAVIGATING,0.02,0.02,0,/top-app,1785,2803,864,3.9,16.5,10.7,8.7,0.0,8.7,1.0,0.0,12.6,1.9,2.9,21.3,1.9,19.4,2.9,13.4,92.0,56.2,47.8,3.6,6.3,1.0,0.1,29.1,9.7,15.6,108.9,6.3,41.8,5.2
21,10.3,直行,NAVIGATING,0.57,0.03,0,/top-app,1017,2323,864,1.9,16.5,10.7,8.8,0.0,17.5,0.0,0.0,11.7,1.9,1.9,38.0,1.9,19.5,2.9,10.8,70.9,56.5,30.2,0.0,27.2,0.1,0.0,28.9,10.0,2.4,102.5,4.8,38.1,4.5
21,11.4,直行,NAVIGATING,0.6,0.01,0,/top-app,1017,2188,864,2.9,16.5,9.7,9.7,0.0,11.6,0.0,0.0,11.6,1.9,1.9,26.1,1.0,19.4,2.9,12.2,83.9,75.3,35.3,0.1,11.8,0.4,0.0,33.2,10.1,12.7,102.5,6.5,34.4,4.1
21,12.4,直行,NAVIGATING,0.6,0.01,0,/top-app,1017,2803,864,2.9,13.6,8.7,8.7,0.0,12.6,0.0,0.0,10.7,1.9,1.9,31.1,1.9,16.5,1.9,16.4,83.2,46.7,42.3,0.2,37.3,0.0,0.0,34.4,10.3,1.8,129.2,4.7,29.7,4.0
21,13.4,直行,NAVIGATING,0.6,0.01,0,/top-app,2016,2457,864,2.9,16.5,9.7,9.7,1.0,13.6,0.0,0.0,11.6,2.9,17.5,44.6,1.9,19.4,1.9,13.8,88.1,54.3,33.7,0.2,16.2,0.0,0.0,33.1,11.0,42.4,147.5,4.6,29.8,5.7
21,14.5,直行,NAVIGATING,0.6,0.0,0,/top-app,1017,1920,864,2.9,14.4,9.6,8.7,0.0,12.5,0.0,0.0,9.6,1.0,27.0,69.3,1.0,17.3,2.9,9.1,58.8,43.9,29.1,0.0,18.2,0.1,0.0,17.8,7.2,102.5,158.3,2.8,28.9,3.9
21,15.5,直行,NAVIGATING,0.6,0.0,0,/top-app,1017,2457,864,1.9,15.6,9.7,9.7,0.0,14.6,0.0,0.0,11.7,1.9,2.9,29.2,1.9,17.5,1.9,11.5,87.1,50.2,32.8,0.2,17.9,1.3,0.0,26.8,12.7,17.0,114.8,5.6,26.4,6.6
21,16.5,直行,NAVIGATING,0.58,0.35,0,/top-app,1017,2803,864,3.9,15.6,9.7,8.7,0.0,11.7,1.0,0.0,10.7,2.9,1.0,31.1,1.0,17.5,1.9,16.3,76.6,56.2,28.2,0.1,21.0,0.0,0.0,24.3,10.0,1.1,104.7,7.0,34.0,6.4
21,17.5,直行,NAVIGATING,0.6,0.56,0,/top-app,1017,2803,864,2.0,10.8,7.8,6.9,0.0,11.8,0.0,0.0,7.8,1.0,2.9,26.5,2.0,11.8,2.0,11.7,60.0,40.9,21.0,0.0,21.7,0.3,0.0,20.8,9.1,7.4,90.4,4.7,18.7,3.1
21,18.5,直行,NAVIGATING,0.6,0.54,0,/top-app,1017,2803,864,2.0,12.8,7.9,7.9,0.0,8.8,1.0,0.0,10.8,2.0,1.0,20.6,2.0,16.7,2.0,12.7,71.7,52.6,31.0,0.2,15.3,0.2,0.0,25.4,8.8,4.6,93.0,5.2,27.3,5.1
21,19.6,直行,NAVIGATING,0.6,0.14,0,/top-app,1344,2803,864,2.9,11.8,7.9,6.9,0.0,15.7,0.0,0.0,7.9,2.0,12.8,42.3,1.0,13.8,2.0,11.8,87.9,73.8,29.8,0.1,17.7,0.1,0.0,19.4,11.8,36.6,159.3,3.8,31.8,4.3
21,20.6,直行,NAVIGATING,0.6,0.04,0,/top-app,1017,2803,2956,2.9,11.8,6.9,6.9,0.0,7.9,0.0,0.0,8.8,1.0,27.5,65.9,1.0,13.8,2.0,11.6,57.3,41.2,46.8,0.0,30.2,0.2,0.1,22.3,8.7,136.1,247.2,6.7,31.4,7.7
21,21.6,直行,NAVIGATING,0.6,0.01,0,/top-app,1344,2803,864,2.0,16.7,10.8,9.8,1.0,16.7,0.0,0.0,11.8,2.0,3.9,35.4,1.0,18.7,2.0,14.8,85.1,58.2,43.3,1.1,27.5,0.7,0.1,36.0,12.4,25.1,147.5,4.8,49.2,6.0
21,22.6,直行,NAVIGATING,0.6,0.01,0,/top-app,1017,2803,2956,3.0,16.7,9.8,9.8,0.0,11.8,0.0,0.0,11.8,2.0,1.0,26.6,2.0,19.7,3.0,12.1,94.9,62.9,32.2,0.0,25.7,0.2,0.0,25.6,13.3,2.0,112.1,3.1,52.5,6.1
21,23.6,直行,NAVIGATING,0.6,0.01,0,/top-app,1017,2803,864,2.9,16.7,9.8,8.8,0.0,17.7,0.0,0.0,10.8,2.0,2.9,41.3,2.0,19.7,2.0,10.5,82.1,43.7,36.1,0.1,28.3,0.3,0.0,28.4,11.0,11.8,118.6,7.0,49.1,3.7
21,24.7,直行,NAVIGATING,0.4,0.0,0,/top-app,1017,2457,864,3.9,15.7,9.8,8.8,0.0,10.8,0.0,0.0,11.7,2.0,1.0,26.4,2.0,19.6,2.9,15.4,82.0,68.5,29.4,0.2,11.4,0.0,0.0,33.1,13.4,3.7,97.8,4.6,47.5,4.8
21,25.7,静止,NAVIGATING,0.01,0.0,0,/top-app,1459,2803,2956,2.0,16.7,10.8,8.8,1.0,18.6,0.0,0.0,10.8,2.9,6.9,46.1,2.0,18.6,2.9,16.6,88.4,62.9,38.2,0.0,41.7,0.1,0.0,25.0,9.1,25.3,161.3,6.9,42.8,5.3
21,26.7,进站,NAVIGATING,0.2,0.0,0,/top-app,1555,2592,864,2.9,15.5,8.7,9.7,0.0,8.7,0.0,0.0,11.6,1.0,33.8,76.3,1.0,16.4,2.9,9.7,37.9,29.2,24.8,0.0,3.5,0.5,0.0,12.0,5.4,56.3,115.5,2.9,16.8,1.7
21,27.7,进站,NAVIGATING,0.2,0.0,0,/top-app,1017,2457,864,2.9,14.7,10.8,8.8,0.0,19.6,0.0,0.0,12.8,2.0,11.8,56.0,1.0,18.7,2.0,8.5,52.0,35.3,23.0,0.9,33.2,0.4,0.0,16.3,8.3,54.4,134.5,4.1,15.4,3.4
21,28.8,进站,NAVIGATING,0.13,0.0,0,/top-app,1017,2457,864,2.9,16.5,9.7,7.8,0.0,7.8,0.0,0.0,10.7,2.9,0.0,17.5,1.9,18.5,1.9,14.5,79.0,68.7,40.4,0.0,4.9,0.1,0.0,27.0,9.7,1.3,91.5,5.3,29.9,5.9
21,29.8,进站,NAVIGATING,0.02,0.0,0,/top-app,1017,2457,864,2.9,16.6,10.7,7.8,0.0,19.5,0.0,0.0,12.7,1.0,4.9,41.9,1.9,18.5,2.9,13.3,72.4,58.9,33.9,0.0,24.0,0.5,0.2,30.8,12.8,10.7,124.3,7.8,35.6,5.9
21,30.8,静止,NAVIGATING,0.01,0.0,0,/top-app,1017,2457,864,2.9,16.3,10.6,8.7,0.0,6.7,1.0,0.0,10.6,2.9,0.0,18.3,1.9,20.2,2.9,14.7,75.1,52.4,33.2,0.4,7.7,0.2,0.0,26.1,11.3,4.3,120.0,5.3,31.8,5.0
21,31.9,静止,NAVIGATING,0.0,0.0,0,/top-app,1017,2054,864,2.9,16.5,9.7,7.7,0.0,22.3,0.0,0.0,11.6,1.9,2.9,46.5,1.9,19.4,1.9,17.2,94.2,60.0,44.7,0.2,41.1,0.2,0.0,44.6,11.5,9.1,162.9,8.1,34.0,4.7
21,32.9,静止,ARRIVED,0.0,0.0,0,/top-app,1017,2457,864,2.9,12.5,5.8,8.7,0.0,6.7,1.9,0.0,9.6,1.9,33.7,70.4,1.0,17.4,1.9,11.6,58.5,0.0,0.0,0.2,7.0,0.1,0.1,24.0,11.7,50.4,111.7,4.6,20.3,1.5
22,1.0,静止,NAVIGATING,0.0,0.0,0,/top-app,1017,2457,2726,2.9,12.8,8.8,7.9,0.0,18.7,0.0,0.0,8.8,2.0,17.7,61.9,1.0,14.7,2.0,11.9,38.8,35.2,32.6,0.0,20.6,0.0,0.0,17.5,11.8,80.2,156.4,4.1,13.6,3.6
22,2.0,转向,NAVIGATING,0.0,0.59,0,/top-app,1344,2457,864,2.9,16.4,9.6,7.7,0.0,6.7,0.0,0.0,11.6,1.9,1.9,21.2,1.9,18.3,2.9,10.2,45.0,41.5,30.0,0.2,6.5,0.5,0.0,28.2,5.1,0.4,60.2,2.9,21.3,3.6
22,3.1,转向,NAVIGATING,0.0,0.6,0,/top-app,1017,2457,864,1.9,15.4,10.6,8.6,0.0,20.2,0.0,0.0,11.5,1.9,1.9,41.3,1.9,17.3,2.9,11.9,46.6,57.5,34.6,0.4,39.1,0.0,0.4,31.0,12.8,25.8,98.7,6.0,20.4,4.4
22,4.1,转向,NAVIGATING,0.0,0.6,0,/top-app,1344,2457,2841,3.9,17.4,9.6,7.7,0.0,7.7,0.0,0.0,11.6,1.9,1.9,17.4,1.9,18.3,1.9,13.7,81.0,46.7,45.7,0.0,7.2,0.5,0.0,23.3,9.6,9.6,90.0,5.2,44.4,5.2
22,5.1,转向,NAVIGATING,0.0,0.6,0,/top-app,1017,2457,2841,2.9,16.5,10.7,7.8,1.0,20.4,0.0,0.0,11.7,2.9,2.9,46.7,1.9,19.5,2.9,15.2,63.3,56.2,30.5,0.0,38.2,0.2,0.2,37.7,15.4,3.8,141.7,6.1,45.5,7.5
22,6.2,转向,NAVIGATING,0.0,0.6,0,/top-app,1344,1920,864,1.9,14.6,10.7,8.7,0.0,6.8,0.0,0.0,11.7,1.9,24.3,52.5,1.9,17.5,1.9,13.5,57.5,35.2,29.9,0.2,5.3,0.3,0.0,21.1,9.4,0.0,160.8,4.5,17.0,5.6
22,7.2,转向,NAVIGATING,0.0,0.12,0,/top-app,1017,2457,864,3.9,15.4,8.7,6.7,0.0,17.4,0.0,0.0,9.6,1.0,20.2,66.5,1.0,18.3,2.9,12.3,53.8,41.2,33.4,0.0,32.2,0.1,0.0,19.7,8.9,61.8,163.3,5.7,27.5,4.9
22,8.2,静止,NAVIGATING,0.0,0.02,0,/top-app,1017,2457,864,1.9,16.4,10.6,8.7,0.0,8.7,0.0,0.0,12.5,1.9,2.9,20.2,1.9,19.3,1.9,11.4,51.9,48.4,22.8,0.0,7.6,0.1,0.0,23.7,7.2,18.1,103.9,3.3,21.5,6.3
22,9.3,静止,NAVIGATING,0.02,0.01,0,/top-app,1017,2457,864,2.9,15.5,9.7,7.8,0.0,20.4,0.0,0.0,9.7,2.9,2.9,42.7,1.9,19.4,1.9,10.8,63.5,42.9,26.5,0.2,30.1,0.1,0.0,31.5,11.1,3.0,114.7,4.9,36.9,6.1
22,10.3,直行,NAVIGATING,0.57,0.03,0,/top-app,1017,2457,864,3.9,17.4,11.6,10.6,0.0,7.7,0.0,0.0,12.5,1.0,1.9,22.2,1.0,20.3,2.9,13.5,64.3,53.8,50.5,0.1,4.7,0.1,0.0,26.5,13.7,23.9,99.0,5.0,28.9,6.0
22,11.3,直行,NAVIGATING,0.6,0.01,0,/top-app,1017,2457,864,2.9,14.5,8.7,8.7,0.0,20.3,0.0,0.0,10.6,2.9,1.9,42.5,1.9,17.4,2.9,13.8,59.5,45.9,25.9,0.1,30.8,0.7,0.3,35.0,10.6,2.7,99.8,5.4,29.5,5.9
22,12.4,直行,NAVIGATING,0.6,0.0,0,/top-app,1017,2457,864,2.9,16.5,9.7,8.8,1.0,8.8,0.0,0.0,11.7,1.9,24.3,53.5,1.9,19.4,1.9,16.1,50.6,34.5,26.4,0.1,3.7,0.3,0.0,25.7,11.3,63.4,115.0,5.0,22.7,3.6
22,13.4,直行,NAVIGATING,0.6,0.0,0,/top-app,1017,2457,864,1.9,14.5,10.6,9.6,0.0,17.4,1.0,0.0,11.6,1.9,22.2,65.5,1.0,19.3,2.9,12.1,47.1,33.9,28.9,0.2,12.6,0.0,0.0,20.8,11.7,57.1,128.1,4.9,14.1,4.8
22,14.5,直行,NAVIGATING,0.6,0.0,0,/top-app,1017,2457,864,2.9,16.4,8.7,9.6,0.0,8.7,0.0,0.0,10.6,1.9,2.9,20.2,1.9,16.4,1.9,16.0,55.6,41.9,34.4,0.1,10.8,0.0,0.1,22.1,8.7,11.5,84.5,5.5,25.9,5.6
22,15.5,直行,NAVIGATING,0.6,0.0,0,/top-app,1017,2457,864,3.9,15.6,9.7,9.7,0.0,17.5,0.0,0.0,11.7,1.9,1.0,41.8,1.9,19.5,3.9,12.8,71.6,55.9,40.0,0.8,27.0,0.3,0.1,43.3,8.5,2.6,110.7,7.4,40.9,5.5
22,16.5,直行,NAVIGATING,0.59,0.35,0,/top-app,1017,2457,864,2.9,16.4,10.6,10.6,0.0,12.6,0.0,0.0,11.6,1.9,3.9,25.1,1.9,18.4,1.0,20.7,71.3,55.4,44.7,0.1,17.8,0.2,0.0,28.0,10.9,9.5,107.6,5.4,41.3,7.8
22,17.5,直行,NAVIGATING,0.6,0.56,0,/top-app,1017,2457,864,2.9,15.5,9.7,9.7,0.0,15.5,0.0,0.0,12.6,1.9,1.9,37.8,1.0,19.4,2.9,17.8,62.6,42.3,35.8,0.1,23.1,0.1,0.0,34.6,11.8,4.5,113.9,6.9,27.7,5.8
22,18.6,直行,NAVIGATING,0.6,0.54,0,/top-app,1113,2457,864,2.9,15.4,9.6,7.7,1.0,15.4,0.0,0.0,11.6,1.9,25.1,58.8,1.0,18.3,2.9,12.7,54.7,37.3,30.7,1.7,10.7,0.3,0.0,20.8,10.5,82.3,130.0,5.1,19.4,6.9
22,19.6,直行,NAVIGATING,0.6,0.12,0,/top-app,1344,2457,864,2.0,15.6,9.8,9.8,0.0,10.7,0.0,0.0,9.8,2.0,16.6,57.5,2.0,16.6,2.0,10.9,52.8,39.9,34.8,0.1,17.0,0.0,0.0,22.8,11.7,47.7,111.6,4.6,26.0,4.4
22,20.6,直行,NAVIGATING,0.6,0.04,0,/top-app,1017,2457,2726,3.9,16.6,9.8,8.8,0.0,15.7,0.0,0.0,11.7,2.0,3.9,35.2,2.0,19.6,2.9,15.2,67.5,56.5,35.6,0.0,25.4,0.1,0.0,40.1,12.3,13.2,127.3,5.3,36.6,7.5
22,21.7,直行,NAVIGATING,0.6,0.01,0,/top-app,1017,2457,2726,2.9,15.7,9.8,9.8,0.0,10.8,0.0,0.0,10.8,2.0,2.0,28.4,2.0,16.7,2.9,23.0,61.7,54.2,50.0,0.6,26.4,0.0,0.0,26.2,10.7,6.3,119.7,6.4,19.6,5.1
22,22.7,直行,NAVIGATING,0.6,0.0,0,/top-app,1017,2457,864,2.9,15.7,10.8,8.8,0.0,17.7,0.0,0.0,11.8,2.9,3.9,36.3,2.0,19.6,2.9,11.8,71.6,43.5,36.8,0.5,33.6,0.0,0.2,34.5,8.1,22.8,154.9,6.5,43.2,6.1
22,23.7,直行,NAVIGATING,0.6,0.0,0,/top-app,1017,2457,2726,2.9,16.7,10.8,10.8,0.0,12.7,0.0,0.0,11.8,1.0,1.0,32.4,1.0,19.6,2.0,13.9,53.0,62.6,44.9,0.1,21.5,0.2,0.0,26.8,11.0,10.5,113.9,3.9,36.9,5.1
22,24.7,直行,NAVIGATING,0.37,0.0,0,/top-app,1017,2457,864,2.9,15.7,9.8,8.8,1.0,17.7,1.0,0.0,11.8,2.9,22.6,64.8,2.0,18.7,2.9,14.0,47.3,43.5,30.8,0.5,16.9,0.4,0.2,25.5,12.2,42.9,168.0,3.6,17.9,4.2
22,25.7,静止,NAVIGATING,0.0,0.0,0,/top-app,1017,2457,864,2.9,14.7,9.8,6.9,0.0,8.8,1.0,1.0,11.8,1.0,21.6,60.9,2.0,18.7,2.0,11.8,46.2,48.1,31.0,0.0,9.6,0.1,0.0,20.5,11.6,51.9,103.4,5.2,22.0,4.5
22,26.7,进站,NAVIGATING,0.2,0.0,0,/top-app,1344,2457,2726,2.9,15.7,10.8,11.8,0.0,19.6,0.0,0.0,10.8,2.9,3.9,36.3,1.0,18.7,2.0,17.9,61.6,43.3,45.7,0.0,22.5,0.2,0.0,23.8,13.9,10.9,121.4,5.7,29.9,4.7
22,27.8,进站,NAVIGATING,0.2,0.0,0,/top-app,1344,2457,864,2.0,15.7,9.8,7.9,0.0,7.9,0.0,0.0,10.8,2.0,2.0,21.6,2.0,17.7,2.9,14.2,73.3,49.8,46.9,0.8,8.4,0.1,0.0,25.9,12.1,7.3,112.4,4.9,28.2,5.6
22,28.8,进站,NAVIGATING,0.12,0.0,0,/top-app,1344,2457,864,2.9,15.7,8.8,8.8,0.0,19.6,0.0,0.0,10.8,1.0,2.9,39.3,2.0,19.6,2.9,17.8,71.7,53.4,38.2,0.0,34.2,0.3,0.0,27.7,11.8,12.4,139.8,6.9,36.0,5.4
22,29.8,进站,NAVIGATING,0.02,0.0,0,/top-app,1017,2457,864,2.9,16.5,10.7,7.8,0.0,8.8,0.0,0.0,12.7,2.9,1.9,21.4,1.9,19.5,1.9,15.9,53.3,61.4,41.0,0.1,8.6,0.0,0.0,27.2,17.9,5.1,107.1,7.2,28.2,4.6
22,30.8,静止,NAVIGATING,0.01,0.0,0,/top-app,1017,2457,864,3.9,15.5,9.7,7.7,0.0,18.4,0.0,0.0,11.6,1.9,21.3,63.0,1.9,18.4,2.9,18.6,56.3,51.5,34.3,0.8,18.4,1.0,0.0,23.1,15.1,57.0,163.1,6.0,24.7,4.2
22,31.9,静止,NAVIGATING,0.0,0.0,0,/top-app,1017,2457,864,2.9,15.5,10.6,7.7,0.0,6.8,0.0,0.0,10.6,1.9,26.1,60.9,1.0,18.4,1.9,11.9,40.0,30.8,25.2,0.0,2.5,0.1,0.0,18.3,7.8,66.0,104.6,4.7,19.6,3.3
22,32.9,静止,ARRIVED,0.0,0.0,0,/top-app,1017,2457,864,2.9,12.5,5.8,7.7,0.0,22.1,0.0,0.0,10.6,1.9,3.8,42.3,1.9,18.3,1.0,18.4,60.5,0.0,0.0,0.0,34.0,0.0,0.2,20.2,17.2,17.0,111.8,6.0,24.6,4.4
23,1.0,静止,NAVIGATING,0.0,0.0,0,/top-app,1017,2457,864,2.9,17.3,10.6,8.7,0.0,8.7,0.0,0.0,11.5,2.9,2.9,21.2,1.9,20.2,2.9,15.7,75.2,73.3,64.6,0.6,6.6,0.1,0.0,24.2,9.6,3.3,96.3,5.9,32.7,13.1
23,2.1,转向,NAVIGATING,0.0,0.59,0,/top-app,1017,2457,864,2.9,15.5,9.7,7.7,0.0,20.3,1.0,0.0,10.6,1.9,9.7,51.2,1.0,17.4,2.9,10.7,63.8,43.8,32.4,0.0,46.0,0.2,0.0,16.5,6.3,140.2,139.9,7.3,33.3,9.3
23,3.1,转向,NAVIGATING,0.0,0.6,0,/top-app,1344,2457,864,2.9,16.5,11.6,8.7,0.0,7.8,0.0,0.0,11.6,1.9,1.0,18.4,1.9,20.4,2.9,20.0,94.3,65.3,54.1,0.5,8.2,1.0,0.1,28.4,15.2,3.4,116.7,4.9,52.1,9.9
23,4.1,转向,NAVIGATING,0.0,0.6,0,/top-app,1017,2323,864,2.9,14.5,8.7,7.7,0.0,18.3,0.0,0.0,10.6,1.9,21.2,67.6,1.0,19.3,1.9,13.6,64.2,47.5,32.3,0.0,25.7,0.0,0.0,19.4,9.8,61.6,160.6,4.7,27.6,7.5
23,5.2,转向,NAVIGATING,0.0,0.6,0,/top-app,1344,2457,864,2.9,14.4,10.6,7.7,1.0,7.7,0.0,0.0,10.6,1.0,28.9,58.7,1.9,18.3,2.9,12.6,59.2,45.9,34.2,0.1,5.7,0.2,0.1,27.0,15.2,77.7,122.4,6.0,28.7,5.4
23,6.2,转向,NAVIGATING,0.0,0.6,0,/top-app,1017,2457,864,2.9,14.5,8.7,7.7,1.0,19.4,0.0,0.0,11.6,2.9,1.9,42.6,1.9,18.4,2.9,14.3,72.3,54.3,40.1,0.7,29.4,0.3,0.0,26.8,8.7,6.2,110.5,6.5,42.2,7.5
23,7.2,转向,NAVIGATING,0.0,0.12,0,/top-app,1017,2457,864,2.9,16.4,10.6,8.7,0.0,6.7,0.0,0.0,10.6,1.9,2.9,18.3,1.9,19.3,1.9,17.8,64.1,53.1,41.7,0.2,4.4,0.3,0.0,29.8,9.4,9.0,106.0,4.6,36.9,11.7
23,8.3,静止,NAVIGATING,0.0,0.02,0,/top-app,1017,2457,864,2.9,16.4,9.6,7.7,0.0,21.2,0.0,0.0,10.6,1.9,1.9,49.2,1.0,18.3,2.9,19.1,66.8,49.2,39.5,0.1,32.6,0.2,0.1,32.9,13.3,18.8,125.2,6.7,40.7,12.8
23,9.3,静止,NAVIGATING,0.03,0.02,0,/top-app,1017,2457,864,2.9,14.4,10.6,8.7,0.0,7.7,0.0,0.0,10.6,1.9,2.9,16.4,1.9,18.3,2.9,12.7,80.0,46.2,42.3,0.4,6.0,0.3,0.1,34.9,12.0,14.8,117.6,5.4,42.0,9.5
23,10.3,直行,NAVIGATING,0.59,0.03,0,/top-app,1017,2457,864,1.9,13.5,8.7,9.7,0.0,18.3,1.9,0.0,10.6,1.9,18.3,64.7,1.9,18.3,1.9,10.8,51.2,36.4,27.7,0.2,38.5,0.0,0.0,21.7,10.0,25.5,119.4,3.7,22.3,3.5
23,11.4,直行,NAVIGATING,0.6,0.01,0,/top-app,1017,2457,864,3.9,15.5,9.7,8.7,0.0,6.8,1.0,0.0,11.6,1.9,26.1,62.8,1.0,17.4,1.9,9.3,56.2,43.7,52.0,0.1,3.3,0.3,0.1,23.0,9.9,99.9,187.4,5.3,33.5,7.2
23,12.4,直行,NAVIGATING,0.6,0.0,0,/top-app,1017,2457,864,1.9,14.6,9.7,8.8,0.0,21.4,0.0,0.0,10.7,1.9,1.9,45.7,1.0,18.5,2.9,12.2,66.5,59.7,34.5,0.7,33.5,0.1,0.1,23.9,7.8,7.3,102.5,4.9,28.0,7.2
23,13.4,直行,NAVIGATING,0.6,0.0,0,/top-app,1017,2188,864,2.9,16.4,10.6,10.6,0.0,7.7,0.0,0.0,11.6,1.9,4.8,19.3,1.9,20.3,1.9,14.6,70.4,56.3,43.6,0.6,4.9,0.6,0.0,26.3,12.9,13.2,116.2,4.7,40.8,12.9
23,14.5,直行,NAVIGATING,0.6,0.0,0,/top-app,1017,2457,864,3.9,14.5,9.6,8.7,0.0,20.2,0.0,0.0,10.6,1.9,1.0,46.3,1.9,17.3,2.9,17.7,70.5,45.0,44.9,0.0,21.0,0.1,0.0,31.7,13.9,7.5,147.7,8.7,26.1,8.7
23,15.5,直行,NAVIGATING,0.6,0.0,0,/top-app,1017,2457,864,2.9,16.6,10.7,10.7,1.0,8.8,0.0,0.0,11.7,2.9,3.9,19.5,2.0,20.5,2.9,17.7,52.9,41.4,32.4,0.5,12.5,0.8,0.1,17.7,24.5,42.4,110.4,3.9,36.3,5.9
23,16.5,直行,NAVIGATING,0.59,0.38,0,/top-app,1017,2457,864,2.9,14.5,8.7,9.6,0.0,18.3,0.0,0.0,11.6,1.0,16.4,57.9,1.0,17.4,1.9,10.8,59.7,38.8,35.0,0.2,45.6,0.2,0.0,28.9,12.2,26.8,137.1,5.6,20.7,6.3
23,17.6,直行,NAVIGATING,0.6,0.57,0,/top-app,1344,2457,864,2.9,14.6,10.7,8.7,0.0,9.7,0.0,0.0,11.6,2.9,34.0,77.6,1.9,16.5,2.9,13.0,64.9,47.4,30.2,0.1,12.1,0.1,0.0,39.4,7.6,110.6,165.5,4.4,71.1,6.0
23,18.6,直行,NAVIGATING,0.6,0.52,0,/top-app,1017,2457,864,1.9,13.6,8.7,7.7,0.0,14.5,0.0,0.0,10.7,1.9,1.0,32.0,1.0,17.4,1.9,14.1,62.7,51.6,32.3,1.1,24.7,0.8,0.7,31.9,11.2,5.4,96.4,4.6,24.5,8.3
23,19.6,直行,NAVIGATING,0.6,0.1,0,/top-app,1344,2457,864,2.9,15.4,9.6,9.6,0.0,13.5,0.0,0.0,12.5,1.0,4.8,27.9,1.9,18.3,1.9,22.6,70.0,62.7,36.8,0.1,20.7,0.1,0.0,34.5,9.4,29.1,124.0,4.3,38.5,4.7
23,20.7,直行,NAVIGATING,0.6,0.04,0,/top-app,1017,2457,864,3.9,16.4,9.7,9.7,0.0,15.5,0.0,0.0,11.6,1.9,2.9,34.8,1.9,18.3,2.9,14.7,63.1,59.7,45.7,0.0,18.0,0.3,0.0,32.8,9.1,5.8,116.2,5.8,22.4,8.0
23,21.7,直行,NAVIGATING,0.6,0.0,0,/top-app,1017,2323,864,2.9,16.6,11.7,9.8,0.0,14.7,0.0,0.0,10.8,2.0,2.9,34.2,2.0,18.6,2.9,14.4,82.0,46.3,39.0,1.6,21.3,0.5,0.0,33.0,12.0,4.3,150.0,5.7,42.9,8.5
23,22.7,直行,NAVIGATING,0.6,0.0,0,/top-app,1113,2323,864,2.9,14.7,8.8,9.8,0.0,15.7,0.0,0.0,10.8,2.0,8.8,39.3,2.0,18.7,2.0,16.2,79.1,48.6,53.2,0.1,18.5,0.4,0.0,28.1,10.7,17.5,121.5,6.3,30.6,10.3
23,23.7,直行,NAVIGATING,0.6,0.0,0,/top-app,1785,2323,2592,2.0,13.7,8.8,6.9,0.0,14.7,0.0,0.0,10.8,2.9,33.4,87.4,1.0,16.7,2.0,13.1,62.6,37.3,30.0,0.1,17.6,0.1,0.1,20.3,8.8,126.2,192.1,4.7,23.7,7.1
23,24.8,直行,NAVIGATING,0.36,0.0,0,/top-app,1017,2323,864,2.9,14.7,9.8,9.8,1.0,9.8,0.0,0.0,11.8,2.0,11.8,36.3,2.0,17.6,2.9,13.2,84.1,49.4,35.5,0.1,21.1,0.1,0.0,19.2,9.4,43.0,135.6,4.1,34.3,10.8
23,25.8,静止,NAVIGATING,0.0,0.0,0,/top-app,1017,2323,864,2.9,17.7,10.8,8.8,0.0,17.7,0.0,0.0,12.8,1.0,2.9,35.3,1.0,20.6,2.0,10.7,66.3,48.5,33.1,0.0,31.7,0.1,0.0,33.0,9.0,22.2,125.0,4.7,28.5,13.8
23,26.8,进站,NAVIGATING,0.2,0.01,0,/top-app,1017,2188,2592,2.9,11.8,7.8,7.8,0.0,8.8,0.0,0.0,8.8,2.0,1.0,24.5,2.0,13.7,2.9,10.9,67.9,42.1,36.3,0.1,16.5,0.9,0.1,34.5,13.2,1.7,103.3,6.0,36.3,11.3
23,27.8,进站,NAVIGATING,0.2,0.0,0,/top-app,1113,2323,2592,2.9,16.7,10.8,7.8,0.0,18.6,1.0,0.0,11.8,2.9,3.9,39.2,1.0,18.6,2.0,12.3,73.8,47.8,32.8,0.4,28.9,0.8,0.0,29.3,9.9,28.4,155.9,7.0,28.5,11.3
23,28.9,进站,NAVIGATING,0.11,0.0,0,/top-app,1017,2323,864,2.9,14.5,9.6,9.6,0.0,11.6,0.0,0.0,12.5,1.9,2.9,26.0,1.9,19.3,2.9,11.5,55.0,45.8,40.2,0.3,6.2,0.3,0.1,23.2,12.6,2.9,94.4,6.0,24.7,8.1
23,29.9,进站,NAVIGATING,0.02,0.0,0,/top-app,1113,2323,864,2.9,14.7,9.8,6.9,0.0,17.7,0.0,0.0,10.8,2.0,29.4,82.5,2.0,17.7,2.0,9.3,44.7,38.8,26.0,0.1,21.7,0.1,0.0,17.5,8.5,96.8,197.1,4.3,17.4,6.5
23,30.9,静止,NAVIGATING,0.01,0.0,0,/top-app,1017,2323,864,2.9,16.4,9.7,8.7,0.0,7.7,0.0,0.0,12.6,1.9,18.4,36.7,1.9,19.3,2.9,13.3,54.5,51.8,33.5,0.3,3.7,0.5,0.0,18.7,9.6,46.1,105.9,4.0,21.2,8.4
23,31.9,静止,NAVIGATING,0.0,0.0,0,/top-app,1017,2323,864,2.9,14.6,9.7,6.8,0.0,19.4,0.0,0.0,10.7,1.9,2.9,43.7,1.0,17.5,1.9,15.4,67.7,45.8,36.9,0.0,25.4,0.3,0.0,18.8,14.6,17.5,108.9,5.3,22.1,9.3
23,33.0,静止,ARRIVED,0.0,0.0,0,/top-app,1017,2323,864,2.9,14.5,6.8,9.6,1.0,8.7,0.0,0.0,11.6,2.9,1.9,16.4,1.9,19.3,1.9,18.0,60.6,0.0,0.0,0.1,5.4,0.5,0.0,24.7,16.0,3.3,92.4,7.1,24.2,4.7
24,1.0,静止,NAVIGATING,0.0,0.0,0,/top-app,1017,2323,864,1.9,15.4,8.7,7.7,0.0,19.3,0.0,0.0,9.6,1.0,3.9,43.4,1.0,18.3,2.9,12.8,68.8,58.2,48.4,0.4,27.4,0.1,0.0,28.0,13.3,7.8,128.5,4.5,16.9,5.1
24,2.1,转向,NAVIGATING,0.0,0.6,0,/top-app,1017,2323,864,3.9,17.4,11.6,8.7,0.0,8.7,0.0,0.0,12.5,2.9,1.9,21.2,1.9,18.3,1.9,14.7,86.3,75.4,46.9,0.0,3.7,0.2,0.1,37.6,17.6,4.2,94.1,5.5,29.2,4.8
24,3.1,转向,NAVIGATING,0.0,0.6,0,/top-app,1344,2323,864,2.9,15.5,9.7,7.8,0.0,19.4,0.0,0.0,11.6,1.9,31.0,77.5,1.9,19.4,1.9,13.3,47.1,33.7,28.1,0.0,13.4,0.1,0.0,19.1,9.2,94.2,187.1,5.3,18.8,4.4
24,4.1,转向,NAVIGATING,0.0,0.6,0,/top-app,1555,2323,864,2.9,14.5,9.7,7.7,0.0,5.8,1.0,0.0,10.6,1.9,21.3,46.4,1.9,16.4,2.9,10.6,55.7,38.0,36.3,0.1,3.4,0.1,0.0,18.9,13.4,43.7,107.4,4.3,11.7,5.5
24,5.2,转向,NAVIGATING,0.0,0.6,0,/top-app,1017,2323,864,2.9,16.4,10.6,8.7,0.0,21.2,0.0,0.0,11.6,1.9,1.0,44.4,1.9,18.3,1.9,15.2,60.1,55.2,38.1,0.1,28.2,0.4,0.1,25.5,17.0,15.5,142.6,7.3,31.7,5.0
24,6.2,转向,NAVIGATING,0.0,0.58,0,/top-app,1459,2323,864,2.9,16.5,10.7,7.8,0.0,8.7,1.9,1.0,13.6,1.9,3.9,18.5,1.0,19.4,2.9,16.8,56.7,54.8,41.2,0.4,5.3,0.4,0.0,32.5,10.2,12.7,109.5,5.2,27.8,3.8
24,7.2,转向,NAVIGATING,0.0,0.12,0,/top-app,1228,2323,864,2.9,16.4,9.6,8.7,0.0,21.2,0.0,0.0,10.6,1.9,1.9,46.2,2.9,19.2,1.9,17.8,65.3,48.1,33.1,0.1,45.4,0.1,0.0,32.1,15.4,14.5,128.4,6.5,23.7,8.4
24,8.3,静止,NAVIGATING,0.0,0.02,0,/top-app,1017,2323,864,2.9,16.4,10.6,8.7,0.0,8.7,0.0,0.0,11.5,2.9,4.8,18.3,1.9,20.2,2.9,18.9,56.2,60.9,38.4,0.2,6.6,0.2,0.1,28.7,13.7,51.4,119.1,6.6,27.7,6.7
24,9.3,静止,NAVIGATING,0.0,0.0,0,/top-app,1459,2323,864,2.9,14.5,8.7,6.7,1.0,18.3,0.0,0.0,10.6,1.9,23.1,72.3,1.0,17.3,1.9,13.2,56.2,48.6,30.9,0.1,36.0,0.0,0.1,28.2,10.4,53.3,143.6,4.8,22.8,5.4
24,10.3,直行,NAVIGATING,0.55,0.03,0,/top-app,1017,2323,864,2.9,16.3,10.6,9.6,0.0,8.6,0.0,0.0,11.5,1.9,20.2,53.8,1.9,18.2,2.9,17.3,54.6,67.6,37.3,0.0,4.5,0.0,0.0,30.9,7.3,65.4,135.5,5.2,19.6,4.4
24,11.4,直行,NAVIGATING,0.6,0.0,0,/top-app,1017,2323,864,2.9,14.6,8.8,8.8,0.0,18.5,0.0,0.0,11.7,1.9,2.9,42.8,1.0,18.5,1.9,23.0,69.7,48.6,41.9,0.2,33.4,0.1,0.1,36.6,16.1,11.3,120.3,4.7,33.4,5.7
24,12.4,直行,NAVIGATING,0.6,0.0,0,/top-app,1017,2323,864,2.9,16.4,10.6,10.6,0.0,8.7,0.0,0.0,11.6,1.9,3.9,17.4,1.9,19.3,1.9,14.8,75.0,46.2,35.3,0.8,21.3,0.3,0.1,36.2,12.2,30.9,121.1,6.0,35.1,8.0
24,13.4,直行,NAVIGATING,0.6,0.01,0,/top-app,1017,2323,864,2.9,16.4,9.6,9.6,0.0,20.2,0.0,0.0,10.6,1.0,1.0,43.3,1.9,17.3,1.9,17.9,71.9,49.2,43.9,0.1,41.4,0.1,0.0,43.5,15.6,7.8,118.6,6.5,33.2,8.9
24,14.5,直行,NAVIGATING,0.6,0.0,0,/top-app,1017,2323,864,2.9,16.5,9.7,10.7,0.0,8.7,0.0,0.0,12.6,2.9,3.9,20.4,1.0,20.4,2.9,15.6,67.3,48.7,51.4,0.0,9.6,0.3,0.1,45.1,10.4,14.6,125.2,7.7,36.8,12.0
24,15.5,直行,NAVIGATING,0.6,0.01,0,/top-app,1017,2054,864,2.9,13.6,9.7,8.8,0.0,20.5,0.0,0.0,10.7,1.9,25.3,72.1,1.9,18.5,1.9,8.9,46.9,34.4,24.1,0.1,36.8,0.1,0.0,19.3,9.1,65.2,115.6,4.0,14.8,4.2
24,16.5,直行,NAVIGATING,0.59,0.31,0,/top-app,1017,2323,864,2.9,16.5,9.7,9.7,0.0,8.8,0.0,0.0,11.7,1.0,26.3,62.2,1.9,17.5,1.9,10.6,47.9,33.1,30.2,0.2,6.4,0.0,0.0,26.5,8.9,133.3,155.4,4.0,23.6,7.4
24,17.6,直行,NAVIGATING,0.6,0.55,0,/top-app,1017,2323,864,2.9,14.5,9.7,8.7,0.0,17.4,0.0,0.0,10.6,2.9,1.0,43.4,1.9,17.4,1.9,16.3,60.9,41.5,39.1,0.0,40.7,0.2,0.0,26.3,13.2,3.8,104.4,6.1,28.0,7.9
24,18.6,直行,NAVIGATING,0.6,0.54,0,/top-app,1017,2323,864,1.9,15.6,9.7,7.8,1.0,10.7,0.0,0.0,9.7,1.0,2.9,22.4,1.0,18.5,2.9,16.3,77.6,50.3,35.5,0.2,16.6,0.4,0.0,36.8,11.9,13.0,101.3,5.5,32.3,4.6
24,19.6,直行,NAVIGATING,0.6,0.16,0,/top-app,1017,2323,864,3.9,16.4,9.7,10.6,0.0,16.4,0.0,0.0,12.6,2.9,1.9,41.5,1.9,18.4,1.9,16.9,80.7,61.4,52.5,0.2,27.6,0.0,0.0,47.8,10.7,2.8,96.4,8.4,31.9,6.0
24,20.7,直行,NAVIGATING,0.6,0.04,0,/top-app,1228,2323,864,1.9,15.5,9.7,9.7,0.0,13.5,1.0,0.0,12.6,1.0,3.9,26.1,1.9,18.4,2.9,13.0,64.4,53.2,37.9,0.0,14.5,0.1,0.0,32.8,7.4,32.6,112.3,6.8,24.8,6.5
24,21.7,直行,NAVIGATING,0.6,0.01,0,/top-app,1017,2323,864,3.9,16.6,9.8,8.8,0.0,13.7,0.0,0.0,11.7,2.0,16.6,55.8,1.0,19.6,2.0,11.7,64.6,37.8,34.4,0.3,32.6,0.3,0.0,28.4,12.2,41.6,118.5,7.1,26.5,4.8
24,22.7,直行,NAVIGATING,0.6,0.01,0,/top-app,1555,2323,864,2.9,15.7,10.8,9.8,0.0,15.7,0.0,0.0,11.8,2.0,35.3,81.5,2.0,18.6,2.0,11.3,41.8,34.6,25.0,0.3,10.9,0.0,0.0,14.0,6.0,118.9,151.4,5.7,17.7,3.5
24,23.7,直行,NAVIGATING,0.6,0.0,0,/top-app,1017,2323,864,2.9,16.7,9.8,8.8,0.0,13.7,0.0,0.0,11.8,2.9,2.9,30.4,1.0,19.6,2.0,14.7,68.8,46.0,33.9,0.1,21.3,0.4,0.1,31.3,12.7,4.1,87.7,7.6,23.6,6.8
24,24.7,直行,NAVIGATING,0.4,0.0,0,/top-app,1017,2323,1248,2.9,16.6,10.8,8.8,0.0,15.7,1.0,0.0,12.7,2.0,4.9,30.4,2.0,19.6,2.9,20.1,66.1,46.7,44.3,0.4,23.5,0.4,0.0,30.5,9.1,8.3,105.6,10.5,25.9,4.8
24,25.8,静止,NAVIGATING,0.01,0.0,0,/top-app,1017,2323,864,2.9,15.7,9.8,7.8,0.0,12.8,0.0,0.0,9.8,2.0,1.0,33.4,2.0,17.7,2.0,14.2,81.3,61.1,44.7,0.3,37.7,0.0,0.3,29.0,14.1,5.1,95.9,5.9,40.0,6.9
24,26.8,进站,NAVIGATING,0.19,0.02,0,/top-app,1017,2323,864,2.9,15.7,9.8,11.8,1.0,15.7,0.0,0.0,11.8,2.0,2.9,34.3,1.0,18.6,2.9,15.4,77.7,47.8,36.7,0.1,40.9,0.6,0.1,32.5,9.7,17.9,129.1,3.8,35.7,4.9
24,27.8,进站,NAVIGATING,0.2,0.0,0,/top-app,1017,2323,864,2.9,16.6,11.7,8.8,0.0,14.7,0.0,0.0,11.7,2.0,6.8,36.1,2.9,18.6,2.0,16.0,75.3,62.6,40.9,0.2,14.6,0.1,0.0,28.2,10.3,10.1,120.0,5.9,25.7,5.4
24,28.8,进站,NAVIGATING,0.13,0.0,0,/top-app,1900,2323,2592,2.9,15.7,9.8,7.8,0.0,17.6,0.0,0.0,11.8,2.0,39.2,92.1,2.0,17.6,2.0,9.8,35.7,36.0,22.9,0.0,20.2,0.3,0.2,20.5,5.8,163.1,219.4,3.0,14.9,2.4
24,29.9,进站,NAVIGATING,0.03,0.0,0,/top-app,1017,2323,864,2.9,17.4,9.7,7.7,0.0,8.7,0.0,0.0,10.6,2.9,8.7,30.9,1.0,20.3,1.9,13.6,69.0,57.3,42.6,0.3,11.4,0.0,0.0,33.7,14.4,40.6,119.1,6.5,39.8,3.8
24,30.9,静止,NAVIGATING,0.01,0.0,0,/top-app,1017,2323,864,2.9,15.4,10.6,8.6,0.0,19.2,0.0,0.0,12.5,1.9,3.8,40.3,1.9,17.3,2.9,18.0,52.7,47.6,33.4,0.8,25.1,0.8,0.1,28.4,12.0,10.9,137.8,5.6,23.8,5.7
24,31.9,静止,NAVIGATING,0.0,0.0,0,/top-app,1017,2323,864,2.9,16.7,9.8,7.9,0.0,9.8,1.0,0.0,11.8,2.0,1.0,21.6,1.0,19.6,2.9,11.3,67.2,42.4,42.0,0.0,10.5,1.3,0.1,29.4,12.5,4.1,94.5,6.2,30.1,5.4
24,32.9,静止,NAVIGATING,0.0,0.0,0,/top-app,1017,2323,864,3.9,15.6,8.8,8.8,0.0,18.6,0.0,0.0,9.8,2.0,4.9,38.1,2.0,17.6,2.0,17.5,58.7,46.6,38.1,0.1,32.2,0.0,0.0,21.7,11.5,13.4,118.7,4.0,23.8,7.4
24,34.0,静止,ARRIVED,0.0,0.0,0,/top-app,1017,2323,864,1.9,14.5,9.7,9.7,1.0,8.7,0.0,0.0,10.6,1.9,1.0,18.3,1.9,19.3,1.9,15.7,57.3,0.0,0.0,0.1,7.8,0.1,0.1,29.0,17.5,2.1,103.4,4.9,29.3,5.0
25,1.0,转向,NAVIGATING,0.01,0.36,0,/top-app,1017,2323,864,2.9,15.5,9.7,6.8,0.0,16.4,0.0,0.0,10.6,1.9,36.7,81.2,1.9,16.4,1.9,13.9,44.5,41.0,28.5,0.1,15.0,0.4,0.0,20.6,5.9,103.7,166.1,5.6,16.8,6.4
25,2.1,转向,NAVIGATING,0.0,0.6,0,/top-app,1017,2323,864,2.9,16.4,9.6,8.7,0.0,8.7,0.0,0.0,11.5,1.9,9.6,32.7,1.9,21.2,1.9,24.4,56.7,63.4,41.3,0.1,6.3,0.2,0.0,27.5,7.9,32.9,91.7,2.7,30.1,5.0
25,3.1,转向,NAVIGATING,0.0,0.6,0,/top-app,1017,2323,864,3.8,16.3,11.5,8.6,0.0,21.1,1.0,0.0,11.5,2.9,3.8,48.1,1.0,19.2,3.8,13.8,92.0,94.3,39.5,0.1,28.5,0.0,0.0,46.2,8.8,7.7,118.6,5.0,43.5,7.6
25,4.1,转向,NAVIGATING,0.0,0.6,0,/top-app,1900,2323,864,2.9,17.5,9.7,7.8,0.0,5.8,0.0,0.0,11.7,1.9,3.9,17.5,1.9,19.4,2.9,17.1,90.2,75.4,46.2,0.0,10.3,0.1,0.2,42.1,13.8,3.9,87.6,6.6,36.0,6.8
25,5.2,转向,NAVIGATING,0.0,0.6,0,/top-app,1017,2323,864,2.9,15.4,9.6,8.7,1.0,19.3,0.0,0.0,10.6,1.9,1.0,41.5,1.0,17.4,1.9,11.6,66.3,56.3,40.1,0.1,34.4,0.0,0.0,30.8,10.0,6.8,95.1,4.6,23.3,6.4
25,6.2,转向,NAVIGATING,0.0,0.24,0,/top-app,1113,2323,864,2.9,16.4,10.6,8.7,0.0,7.7,0.0,0.0,11.6,1.9,4.8,22.2,2.9,18.3,2.9,15.1,74.4,53.7,47.2,0.4,5.5,0.8,0.0,28.7,10.6,13.6,111.0,5.8,28.8,4.4
25,7.2,静止,NAVIGATING,0.0,0.04,0,/top-app,1459,2323,864,1.9,14.5,8.7,7.7,0.0,16.5,0.0,0.0,9.7,1.9,32.9,88.1,1.0,17.4,1.9,11.3,52.7,36.5,29.8,0.1,27.3,0.1,0.1,17.5,8.3,48.0,139.8,2.9,15.4,5.3
25,8.3,静止,NAVIGATING,0.0,0.0,0,/top-app,1017,2323,864,2.9,15.5,10.7,7.8,0.0,9.7,0.0,0.0,12.6,1.9,11.6,29.1,1.0,19.4,1.9,12.2,68.5,41.5,41.3,0.2,4.6,0.1,0.0,30.0,11.1,68.3,117.1,3.9,31.0,11.8
25,9.3,直行,NAVIGATING,0.31,0.0,0,/top-app,1017,2323,864,3.8,16.3,8.6,9.6,0.0,19.2,0.0,0.0,10.6,1.9,1.9,41.3,1.9,18.3,2.9,19.6,84.5,61.5,36.7,0.7,33.6,0.0,0.0,34.6,16.4,4.0,114.6,6.4,30.5,5.5
25,10.3,直行,NAVIGATING,0.6,0.0,0,/top-app,1017,2323,864,1.9,17.4,10.6,9.7,0.0,8.7,0.0,0.0,11.6,1.9,2.9,20.3,1.9,19.3,1.9,20.2,95.6,60.8,58.7,0.0,18.3,0.6,0.1,38.1,12.7,21.3,123.0,5.8,46.5,7.2
25,11.4,直行,NAVIGATING,0.6,0.01,0,/top-app,1017,2323,864,3.9,16.4,10.6,9.7,0.0,21.2,0.0,0.0,10.6,2.9,1.9,45.4,1.9,19.3,3.9,13.0,68.8,42.5,45.9,0.7,50.1,0.2,0.0,33.5,10.1,2.0,108.2,5.7,37.1,6.6
25,12.4,直行,NAVIGATING,0.6,0.01,0,/top-app,1017,2323,864,2.9,15.4,9.6,8.7,1.0,7.7,0.0,0.0,12.5,1.9,3.9,16.4,1.9,17.3,1.9,17.3,79.6,59.0,44.2,0.2,2.9,0.3,0.0,35.3,12.0,17.1,104.4,6.5,41.2,4.5
25,13.4,直行,NAVIGATING,0.6,0.0,0,/top-app,1228,2323,864,1.9,15.5,8.7,9.7,0.0,16.4,0.0,0.0,9.7,1.0,33.8,89.8,1.0,18.4,1.9,11.4,53.9,38.5,29.7,0.0,19.4,0.1,0.1,23.3,6.6,68.9,185.2,3.3,32.3,4.6
25,14.5,直行,NAVIGATING,0.6,0.0,0,/top-app,1017,2323,864,3.8,15.4,10.6,9.6,0.0,9.6,1.0,0.0,11.5,1.9,14.4,35.6,2.9,20.2,2.9,18.3,87.4,44.6,38.9,0.1,10.4,0.2,0.0,36.6,12.5,46.0,161.9,6.9,49.0,8.0
25,15.5,直行,NAVIGATING,0.59,0.11,0,/top-app,1017,2323,864,2.9,14.5,9.7,8.7,0.0,17.4,0.0,1.0,11.6,1.9,1.9,40.6,1.0,17.4,1.9,16.0,78.3,52.6,45.2,0.8,28.6,0.0,0.4,27.8,11.4,3.1,101.4,5.3,23.5,5.2
25,16.6,直行,NAVIGATING,0.59,0.51,0,/top-app,1017,2323,864,2.9,16.4,9.6,10.6,0.0,8.7,0.0,0.0,11.6,1.9,2.9,18.3,1.9,19.3,1.9,19.7,82.4,79.7,52.3,0.0,12.0,0.2,0.0,35.9,12.4,25.7,132.1,5.8,30.9,4.2
25,17.6,直行,NAVIGATING,0.6,0.56,0,/top-app,1017,2323,864,2.9,12.6,8.7,8.7,0.0,18.4,1.0,0.0,9.7,1.9,1.0,40.7,1.0,17.4,2.9,16.2,67.5,50.2,46.4,0.4,42.9,0.4,0.0,30.8,12.1,4.2,145.1,8.4,32.9,4.9
25,18.6,直行,NAVIGATING,0.61,0.36,0,/top-app,1017,2323,864,1.9,15.5,10.7,8.7,0.0,11.6,1.0,0.0,12.6,1.9,3.9,25.2,1.9,18.4,1.9,17.1,78.4,58.7,50.5,0.4,11.5,0.5,0.1,34.1,14.6,15.3,120.1,7.7,37.8,8.1
25,19.7,直行,NAVIGATING,0.6,0.01,0,/top-app,1113,2323,864,2.9,14.5,7.7,8.7,0.0,13.5,0.0,0.0,10.6,1.9,31.9,79.2,1.0,16.4,1.9,15.0,66.1,46.5,37.4,0.1,17.5,0.3,0.0,31.4,16.8,60.5,146.6,6.7,23.3,4.0
25,20.7,直行,NAVIGATING,0.6,0.02,0,/top-app,1113,2323,1248,2.9,16.6,10.8,10.8,0.0,12.7,0.0,0.0,11.7,2.9,16.6,49.9,2.0,19.6,2.9,13.3,61.5,57.4,51.4,0.4,20.0,0.2,0.0,42.6,11.9,73.1,144.6,5.6,39.9,6.7
25,21.7,直行,NAVIGATING,0.6,0.0,0,/top-app,1017,2323,864,2.9,15.7,9.8,8.8,0.0,14.7,0.0,0.0,11.7,2.0,2.9,32.3,2.0,18.6,2.0,14.3,90.4,57.4,47.8,0.8,26.8,0.0,0.0,39.9,11.1,3.5,114.0,4.6,61.0,8.2
25,22.7,直行,NAVIGATING,0.6,0.0,0,/top-app,1344,2323,2592,2.9,16.7,9.8,8.8,0.0,14.7,0.0,0.0,10.8,2.0,2.9,29.5,1.0,20.6,2.9,16.1,83.7,71.0,51.8,0.1,28.1,0.2,0.0,42.4,10.5,12.0,147.8,7.0,33.4,9.7
25,23.7,直行,NAVIGATING,0.49,0.0,0,/top-app,1228,2323,864,2.9,14.7,10.8,8.8,1.0,12.7,0.0,0.0,10.8,2.0,2.0,33.3,2.0,16.7,2.0,16.3,82.9,50.7,63.3,1.2,22.2,0.1,0.1,29.6,13.9,2.6,115.8,5.8,28.0,8.7
25,24.8,进站,NAVIGATING,0.15,0.0,0,/top-app,1459,2188,864,2.9,17.6,9.8,8.8,0.0,15.6,0.0,0.0,11.7,2.0,2.9,31.3,2.0,19.5,2.9,13.1,72.3,53.7,41.5,0.0,19.5,0.1,0.0,33.8,11.9,28.8,111.0,5.3,23.0,7.2
25,25.8,进站,NAVIGATING,0.05,0.0,0,/top-app,1017,2188,864,2.9,14.7,9.8,10.8,0.0,15.7,0.0,0.0,11.8,2.0,29.4,64.7,1.0,18.6,2.9,11.7,47.5,36.1,28.4,0.0,15.0,0.1,0.0,15.4,7.7,83.4,129.6,2.7,19.3,3.3
25,26.8,进站,NAVIGATING,0.2,0.0,0,/top-app,1113,2188,864,2.9,14.7,8.8,6.9,1.0,15.7,0.0,0.0,10.8,2.0,25.5,72.5,2.0,17.6,2.0,11.4,61.0,31.6,32.5,0.1,25.1,0.5,0.0,21.0,8.8,91.9,151.2,3.7,19.7,3.7
25,27.8,进站,NAVIGATING,0.2,0.0,0,/top-app,1017,2188,864,2.9,16.5,10.7,8.7,0.0,12.6,0.0,0.0,11.6,1.9,1.0,33.0,1.9,18.4,2.9,19.5,82.3,64.9,38.4,0.1,14.9,0.1,0.0,25.8,12.3,3.7,94.8,4.3,29.7,5.7
25,28.9,进站,NAVIGATING,0.05,0.0,0,/top-app,1017,2188,864,2.9,15.7,9.8,7.8,0.0,17.7,0.0,0.0,10.8,2.0,3.9,37.3,1.0,18.6,1.0,16.8,93.1,73.0,52.6,0.0,35.7,0.1,0.0,39.0,19.5,12.8,135.8,6.0,32.7,8.5
25,29.9,静止,NAVIGATING,0.01,0.0,0,/top-app,1017,2188,864,2.9,16.4,10.6,7.7,0.0,10.6,0.0,0.0,11.6,1.9,2.9,24.1,1.9,18.3,2.9,17.2,76.2,74.5,49.8,0.5,11.7,0.2,0.0,30.8,14.3,2.7,118.6,6.4,39.5,7.1
25,30.9,静止,NAVIGATING,0.0,0.0,0,/top-app,1017,2188,2476,2.0,16.7,9.8,8.8,0.0,18.6,0.0,0.0,11.8,2.0,2.9,43.2,2.0,17.7,3.9,14.4,68.5,52.1,36.1,0.1,39.2,0.6,0.1,32.7,10.0,13.4,153.2,6.8,32.3,7.0
25,31.9,静止,ARRIVED,0.0,0.0,0,/top-app,1017,2188,864,3.9,14.5,8.7,10.6,0.0,9.6,0.0,0.0,10.6,2.9,18.3,43.4,1.9,18.3,1.9,20.9,55.3,0.0,0.0,0.0,6.5,0.0,0.0,33.0,13.6,34.0,121.0,6.2,28.8,9.3
26,1.0,静止,NAVIGATING,0.0,0.0,0,/top-app,1017,2188,864,2.0,13.7,8.8,5.9,0.0,16.6,1.0,0.0,10.7,2.0,31.3,87.0,1.0,17.6,2.0,8.4,30.2,30.5,26.5,0.1,24.2,0.1,0.0,14.2,7.5,144.1,154.0,4.1,12.1,3.5
26,2.0,转向,NAVIGATING,0.0,0.59,0,/top-app,1017,2188,864,3.9,18.5,11.7,9.7,0.0,8.8,0.0,0.0,12.6,1.0,2.9,23.3,1.9,19.5,2.9,15.5,63.6,55.5,36.7,0.2,5.3,0.1,0.0,25.6,10.6,4.4,101.5,8.1,35.9,4.4
26,3.1,转向,NAVIGATING,0.0,0.6,0,/top-app,1017,2188,864,2.9,15.4,9.6,7.7,0.0,20.2,0.0,0.0,10.6,2.9,1.9,42.4,1.9,19.3,2.9,14.4,64.9,62.9,41.3,0.0,44.0,0.2,0.0,20.2,8.0,28.8,141.5,4.6,28.6,5.5
26,4.1,转向,NAVIGATING,0.0,0.6,0,/top-app,1017,2188,864,2.9,17.3,11.6,9.6,0.0,8.7,0.0,0.0,12.5,1.9,1.9,22.2,1.9,20.2,1.9,12.8,52.2,46.3,41.0,0.2,9.5,0.4,0.0,26.1,10.1,9.2,86.4,4.9,43.2,3.4
26,5.1,转向,NAVIGATING,0.0,0.6,0,/top-app,1017,2188,864,3.9,16.5,10.7,8.7,0.0,21.3,0.0,0.0,11.6,1.9,3.9,42.6,1.0,19.4,2.9,11.9,55.1,44.4,26.0,0.1,29.5,0.1,0.0,28.8,9.0,21.5,97.2,4.2,29.6,2.7
26,6.2,转向,NAVIGATING,0.0,0.6,0,/top-app,1555,2188,864,2.9,17.5,9.7,7.8,0.0,7.8,1.0,0.0,11.7,1.9,14.6,30.2,1.9,20.4,2.9,14.3,73.1,47.0,36.7,0.1,7.5,0.2,0.0,29.2,8.0,31.8,128.2,5.6,29.1,8.3
26,7.2,转向,NAVIGATING,0.0,0.13,0,/top-app,1459,2188,864,1.9,12.6,9.7,7.8,1.0,17.4,0.0,0.0,10.7,2.9,34.9,90.1,1.0,16.5,1.9,10.2,31.5,30.1,21.4,0.1,12.1,0.0,0.0,14.1,8.0,100.2,138.5,4.6,12.3,3.2
26,8.2,静止,NAVIGATING,0.0,0.02,0,/top-app,1017,2188,864,3.9,16.4,9.7,6.8,0.0,7.7,1.0,0.0,9.7,1.9,7.7,21.2,1.9,19.3,1.9,13.6,63.3,59.1,41.2,0.0,4.7,0.2,0.2,32.9,14.3,26.8,124.9,3.9,26.1,7.6
26,9.3,静止,NAVIGATING,0.0,0.0,0,/top-app,1017,2188,864,1.9,15.4,9.6,8.7,0.0,19.3,0.0,0.0,11.6,1.9,1.9,45.3,1.9,19.3,2.9,13.1,60.6,43.1,31.6,0.9,22.3,0.1,0.0,26.8,11.7,1.9,104.4,4.9,40.4,4.5
26,10.3,直行,NAVIGATING,0.55,0.04,0,/top-app,1017,2188,864,3.8,18.2,10.6,10.6,0.0,9.6,1.0,0.0,13.4,1.9,4.8,19.2,1.9,20.2,2.9,16.2,66.0,49.6,27.0,0.7,4.2,0.1,0.0,26.0,12.0,37.5,133.9,6.9,29.9,5.0
26,11.4,直行,NAVIGATING,0.6,0.01,0,/top-app,1017,2188,864,1.9,15.4,10.6,9.6,0.0,19.2,0.0,0.0,11.5,1.9,1.0,43.3,1.9,17.3,1.9,15.6,65.1,53.4,31.7,0.0,25.0,0.3,0.2,25.7,9.0,6.7,117.7,5.3,22.6,5.9
26,12.4,直行,NAVIGATING,0.6,0.0,0,/top-app,1017,2188,864,3.9,17.4,11.6,9.6,0.0,8.7,0.0,0.0,12.5,2.9,6.8,26.1,1.9,21.2,1.9,14.7,60.5,48.7,39.7,0.5,3.6,0.5,0.0,23.4,12.5,17.4,97.1,6.6,46.9,9.6
26,13.4,直行,NAVIGATING,0.6,0.0,0,/top-app,1017,2188,864,2.9,13.6,7.7,8.7,0.0,17.4,0.0,0.0,10.6,1.0,32.9,96.8,0.0,16.5,2.9,10.2,45.5,39.2,34.7,0.2,18.3,0.0,0.0,17.2,8.4,62.3,166.7,3.9,18.8,5.2
26,14.5,直行,NAVIGATING,0.6,0.0,0,/top-app,1017,2188,864,2.9,17.4,11.6,10.6,0.0,7.7,0.0,0.0,11.6,1.9,11.6,27.0,2.9,20.3,2.9,16.4,56.5,50.2,31.8,0.1,8.0,0.6,0.1,19.1,13.2,62.5,121.1,3.7,20.0,8.8
26,15.5,直行,NAVIGATING,0.6,0.0,0,/top-app,1017,2188,864,2.9,15.4,9.6,8.7,1.0,19.3,0.0,0.0,11.6,1.9,1.0,42.4,1.0,18.3,2.9,10.8,57.9,44.4,43.2,0.3,49.9,0.0,0.0,36.4,7.9,1.8,101.4,4.2,34.5,5.0
26,16.5,直行,NAVIGATING,0.59,0.33,0,/top-app,1017,2188,864,3.9,17.4,9.7,10.6,0.0,8.7,0.0,0.0,12.6,2.9,3.9,22.2,2.9,19.3,1.9,16.6,64.4,51.0,28.7,0.3,9.0,0.2,0.1,29.8,11.9,8.6,119.4,5.1,30.7,4.4
26,17.6,直行,NAVIGATING,0.6,0.56,0,/top-app,1017,2188,864,1.9,15.4,10.6,9.7,0.0,21.2,0.0,0.0,12.5,1.9,1.9,42.5,1.0,18.3,2.9,13.4,72.8,65.2,45.3,0.0,59.2,0.2,0.0,46.2,13.3,2.5,145.8,5.9,41.9,11.3
26,18.6,直行,NAVIGATING,0.6,0.53,0,/top-app,1017,2188,864,3.9,16.4,10.6,10.6,0.0,8.7,0.0,0.0,12.5,1.9,3.9,22.2,1.9,20.2,1.9,10.7,43.2,46.1,31.9,0.3,6.0,0.3,0.0,25.0,11.1,25.9,113.0,3.4,28.3,4.3
26,19.6,直行,NAVIGATING,0.6,0.15,0,/top-app,1113,2188,864,1.9,15.4,9.6,7.7,0.0,15.4,0.0,0.0,10.6,1.0,33.8,86.8,1.9,17.4,2.9,11.8,39.5,33.7,21.9,1.4,19.5,0.0,0.0,14.7,6.2,67.6,118.5,3.0,15.6,4.6
26,20.7,直行,NAVIGATING,0.6,0.04,0,/top-app,1017,2188,864,3.9,15.5,9.7,9.7,0.0,11.6,0.0,0.0,10.7,2.9,13.6,41.7,1.0,19.4,1.9,13.3,57.0,39.5,38.5,0.2,15.6,0.2,0.0,30.8,13.1,61.5,153.2,7.0,27.0,7.1
26,21.7,直行,NAVIGATING,0.6,0.0,0,/top-app,1017,2188,864,1.9,16.4,10.6,9.6,1.0,18.3,1.0,0.0,11.6,2.9,1.9,37.6,1.9,20.2,2.9,11.7,55.8,55.7,54.5,0.3,20.3,0.3,0.1,21.5,8.3,9.8,113.2,4.4,29.3,6.6
26,22.7,直行,NAVIGATING,0.6,0.01,0,/top-app,1017,2188,864,3.9,14.6,8.8,8.8,0.0,13.7,0.0,0.0,10.7,1.0,11.7,30.3,2.0,16.6,2.0,12.7,60.3,52.3,34.1,0.2,19.9,0.1,0.0,50.7,9.7,60.1,136.2,6.0,45.2,3.8
26,23.8,直行,NAVIGATING,0.6,0.0,0,/top-app,1113,2188,864,2.0,15.6,9.8,8.8,0.0,13.7,0.0,0.0,11.7,2.0,2.0,35.2,1.0,19.6,2.0,9.9,66.3,43.0,32.5,1.2,40.8,0.2,0.0,32.9,11.1,6.5,100.0,6.3,30.9,4.7
26,24.8,直行,NAVIGATING,0.38,0.0,0,/top-app,1113,2188,2476,2.9,16.7,9.8,8.8,0.0,14.7,1.0,0.0,11.8,2.0,2.9,29.4,2.0,19.6,3.9,11.7,55.7,44.9,30.9,0.2,20.7,0.2,0.0,38.9,12.3,25.3,109.5,4.0,39.6,4.7
26,25.8,静止,NAVIGATING,0.01,0.0,0,/top-app,1344,2188,864,2.9,14.7,9.8,7.8,0.0,14.7,0.0,1.0,11.8,2.9,34.3,76.5,1.0,18.6,2.0,8.9,48.8,33.7,24.1,0.1,15.6,0.0,0.0,22.8,11.8,41.4,124.8,5.4,15.2,4.6
26,26.8,进站,NAVIGATING,0.2,0.0,0,/top-app,1113,2188,864,2.9,15.7,10.8,11.7,0.0,14.7,0.0,0.0,10.8,1.0,17.6,57.8,2.0,17.6,2.9,9.8,52.6,50.3,35.4,0.3,20.0,0.1,0.0,19.8,7.8,77.3,127.8,3.1,21.6,5.5
26,27.8,进站,NAVIGATING,0.2,0.0,0,/top-app,1017,2188,864,2.9,17.6,9.8,7.8,1.0,14.7,0.0,0.0,11.7,2.0,2.0,34.2,2.0,20.5,2.9,12.1,54.2,38.9,29.3,0.1,15.5,0.0,0.0,18.9,9.7,3.4,86.9,3.9,22.8,5.5
26,28.9,进站,NAVIGATING,0.13,0.0,0,/top-app,1017,2188,2476,2.9,15.7,10.8,8.8,0.0,15.7,0.0,0.0,9.8,2.9,2.9,33.3,2.0,17.6,2.0,14.8,75.8,45.1,38.5,0.0,28.9,0.3,0.1,23.3,10.5,20.9,124.0,5.8,28.5,10.4
26,29.9,进站,NAVIGATING,0.02,0.0,0,/top-app,1017,2188,864,2.9,15.4,8.6,7.7,0.0,12.5,0.0,0.0,12.5,1.9,2.9,28.8,1.0,19.2,1.9,15.4,73.9,65.0,43.4,0.0,15.6,0.0,0.0,33.1,17.2,2.4,96.2,7.7,35.9,5.3
26,30.9,静止,NAVIGATING,0.01,0.0,0,/top-app,1017,2188,864,2.9,15.7,10.8,8.8,0.0,16.7,1.0,0.0,10.8,2.0,2.9,40.2,2.0,18.6,2.9,14.2,78.2,64.9,36.9,0.1,32.9,0.2,0.2,38.1,12.8,23.2,126.1,4.3,39.1,5.1
26,32.0,静止,NAVIGATING,0.0,0.0,0,/top-app,1017,2188,864,2.9,16.3,9.6,7.7,0.0,9.6,0.0,0.0,11.5,1.0,25.0,53.8,1.9,19.2,1.9,12.5,62.0,52.3,39.8,0.1,9.4,0.1,0.0,27.2,8.6,43.4,120.6,3.1,24.5,4.5
26,33.0,静止,ARRIVED,0.0,0.0,0,/top-app,1017,2188,864,2.9,10.7,5.8,6.8,0.0,18.4,1.0,0.0,9.7,2.9,26.1,83.3,1.0,15.5,1.9,12.9,49.5,0.0,0.0,0.0,21.3,0.0,0.0,10.6,8.7,113.6,187.8,4.4,19.4,1.8
27,1.0,静止,NAVIGATING,0.0,0.0,0,/top-app,1017,2188,864,2.9,17.5,11.7,9.7,0.0,8.8,0.0,0.0,10.7,1.0,2.9,18.5,1.9,21.4,2.9,15.2,62.6,60.9,36.7,0.9,6.7,0.2,0.0,30.7,13.3,4.3,90.5,4.5,28.4,5.9
27,2.0,转向,NAVIGATING,0.0,0.59,0,/top-app,1017,2188,864,2.9,16.6,9.7,8.8,0.0,21.4,0.0,0.0,11.7,2.9,2.9,44.8,1.9,19.5,1.9,12.7,57.1,43.9,31.4,1.1,24.8,0.1,0.0,30.9,12.1,13.2,125.8,5.1,18.4,7.2
27,3.1,转向,NAVIGATING,0.0,0.6,0,/top-app,1017,2188,864,2.9,16.3,10.6,7.7,1.0,7.7,0.0,0.0,11.5,1.9,1.0,18.3,1.9,17.3,2.9,12.3,66.6,51.0,42.7,0.3,2.9,0.4,0.0,25.1,15.1,2.1,97.6,3.9,18.7,6.3
27,4.1,转向,NAVIGATING,0.0,0.6,0,/top-app,1017,2188,864,2.9,16.6,10.7,8.8,0.0,20.4,0.0,0.0,12.7,1.9,2.9,42.8,1.9,18.5,1.9,12.8,56.7,52.2,32.7,0.1,34.2,0.6,0.0,31.0,9.2,18.5,126.1,5.2,30.8,5.7
27,5.1,转向,NAVIGATING,0.0,0.6,0,/top-app,1228,2188,864,2.9,14.5,9.7,6.8,0.0,5.8,0.0,0.0,9.7,1.9,16.4,35.8,1.0,16.4,2.9,14.8,75.9,42.6,33.5,0.2,8.7,0.1,0.0,32.4,10.2,27.1,147.1,6.1,43.5,6.8
27,6.2,转向,NAVIGATING,0.0,0.59,0,/top-app,1017,2188,864,1.9,13.6,7.8,7.8,0.0,16.5,0.0,0.0,10.7,1.9,33.0,84.4,1.0,17.5,1.9,12.4,52.7,37.2,30.5,0.3,22.3,0.0,0.0,21.2,10.0,117.7,159.9,4.3,20.6,4.4
27,7.2,转向,NAVIGATING,0.0,0.13,0,/top-app,1017,2188,864,2.9,17.6,10.7,7.8,0.0,8.8,0.0,0.0,11.7,2.0,4.9,22.4,2.9,19.5,2.9,14.6,65.7,47.1,29.8,0.5,12.1,0.1,0.0,34.1,11.3,27.2,132.9,5.0,45.8,6.5
27,8.2,静止,NAVIGATING,0.0,0.02,0,/top-app,1017,2188,864,3.9,15.6,9.7,7.8,1.0,21.4,0.0,0.0,11.7,1.9,1.9,42.8,1.0,20.4,2.9,12.7,79.8,54.0,30.2,0.4,37.0,0.2,0.0,30.9,11.7,11.0,126.7,5.0,30.2,4.8
27,9.3,静止,NAVIGATING,0.0,0.0,0,/top-app,1017,2188,864,2.9,17.4,10.6,9.7,0.0,8.7,0.0,0.0,11.6,2.9,3.9,22.2,1.9,19.3,1.9,16.1,69.0,54.6,37.8,0.6,10.8,0.2,0.1,30.9,8.7,13.5,110.6,7.3,31.9,6.2
27,10.3,直行,NAVIGATING,0.49,0.02,0,/top-app,1017,2188,864,2.9,14.6,9.7,7.8,0.0,18.5,0.0,0.0,10.7,1.0,1.0,38.0,1.0,17.5,1.9,15.8,62.2,47.6,33.5,0.6,32.4,0.0,0.0,29.0,11.8,12.8,107.0,4.4,31.0,7.6
27,11.3,直行,NAVIGATING,0.6,0.01,0,/top-app,1017,2188,864,2.9,17.4,10.6,10.6,0.0,6.8,1.0,0.0,11.6,2.9,9.7,27.1,1.9,19.3,2.9,17.8,65.9,43.7,37.8,0.2,6.5,0.2,0.3,29.2,10.7,50.9,134.6,7.9,31.4,5.4
27,12.3,直行,NAVIGATING,0.6,0.0,0,/top-app,1017,2188,864,2.9,14.5,9.7,8.7,0.0,18.4,0.0,0.0,11.6,1.9,35.9,99.8,1.9,18.4,2.9,9.2,37.9,33.1,26.2,0.1,15.8,0.1,0.0,19.2,8.0,73.8,121.6,3.5,15.3,2.6
27,13.4,直行,NAVIGATING,0.6,0.0,0,/top-app,1017,2188,864,2.9,16.4,10.6,9.7,0.0,8.7,0.0,0.0,12.6,1.9,8.7,25.1,1.9,19.3,2.9,10.9,60.2,45.9,34.2,0.4,2.9,0.4,0.1,22.1,10.2,20.0,96.9,5.2,37.3,6.7
27,14.4,直行,NAVIGATING,0.6,0.0,0,/top-app,1017,2188,864,2.9,15.4,9.6,9.6,0.0,17.4,0.0,0.0,9.6,1.9,1.0,38.6,1.0,17.4,1.0,17.1,80.0,48.5,38.5,0.0,40.9,0.4,0.1,24.4,9.9,2.9,100.3,5.4,19.3,7.4
27,15.4,直行,NAVIGATING,0.6,0.01,0,/top-app,1017,2188,864,2.9,16.5,10.7,9.7,0.0,8.8,0.0,0.0,12.6,1.9,3.9,18.5,1.9,20.4,2.9,13.4,89.4,49.0,56.1,0.5,5.0,0.2,0.0,30.0,14.9,14.0,104.9,7.8,42.3,6.0
27,16.5,直行,NAVIGATING,0.59,0.29,0,/top-app,1017,2188,864,3.9,17.5,9.7,9.7,0.0,21.4,0.0,0.0,11.7,1.9,1.9,45.7,1.9,19.4,2.9,15.5,79.5,48.7,38.8,0.0,35.1,1.0,0.0,33.4,11.6,4.1,116.6,5.0,36.3,8.7
27,17.5,直行,NAVIGATING,0.6,0.55,0,/top-app,1017,2188,864,2.9,15.5,9.7,9.7,0.0,7.7,0.0,0.0,10.6,1.9,5.8,21.3,1.9,17.4,1.9,16.5,74.6,57.3,48.5,0.1,10.6,0.1,0.1,27.5,10.3,15.2,117.9,4.1,30.6,6.3
27,18.5,直行,NAVIGATING,0.6,0.54,0,/top-app,1017,1920,864,1.9,14.5,9.6,8.7,0.0,19.3,0.0,0.0,11.6,1.9,34.7,92.6,1.0,18.3,1.9,10.0,55.2,30.6,40.1,0.4,23.3,0.2,0.1,25.3,8.4,78.1,158.1,4.7,22.1,4.4
27,19.6,直行,NAVIGATING,0.61,0.18,0,/top-app,1017,2188,864,3.8,17.3,9.6,9.6,0.0,7.7,0.0,0.0,11.5,2.9,12.5,36.6,1.9,19.2,3.8,12.8,74.3,48.6,52.6,0.2,6.1,0.1,0.0,36.1,9.7,50.7,125.0,6.2,49.6,6.1
27,20.6,直行,NAVIGATING,0.6,0.04,0,/top-app,1017,2188,864,1.9,15.4,10.6,10.6,0.0,21.1,0.0,0.0,13.5,1.0,1.0,46.1,1.9,18.3,1.9,11.8,67.4,45.3,41.7,0.0,29.3,0.2,0.0,46.6,11.3,5.3,125.7,5.7,25.1,6.1
27,21.7,直行,NAVIGATING,0.6,0.01,0,/top-app,1017,2188,864,2.9,17.4,9.7,9.7,1.0,11.6,1.9,0.0,11.6,1.9,4.8,22.2,1.9,21.3,2.9,13.8,67.2,44.0,33.8,0.5,13.1,0.3,0.0,28.7,8.0,17.1,111.3,5.9,43.2,6.1
27,22.7,直行,NAVIGATING,0.6,0.0,0,/top-app,1344,2188,864,3.9,15.6,9.7,8.8,0.0,15.6,0.0,0.0,11.7,2.9,1.0,38.0,1.9,17.5,1.9,14.7,65.3,40.7,35.9,0.6,23.0,0.0,0.0,22.7,9.8,2.5,104.9,4.4,19.8,5.0
27,23.7,直行,NAVIGATING,0.6,0.01,0,/top-app,1017,2188,2476,2.9,17.5,10.7,9.7,0.0,11.7,0.0,0.0,11.7,1.9,2.9,25.3,1.0,18.5,3.9,12.4,72.9,66.2,64.4,0.1,21.6,0.4,0.1,31.7,11.9,14.7,108.6,6.1,31.6,6.5
27,24.7,直行,NAVIGATING,0.4,0.0,0,/top-app,1228,2188,998,2.9,13.7,9.8,7.8,0.0,14.7,0.0,0.0,10.8,2.0,31.4,87.2,1.0,17.6,2.0,16.5,48.1,38.4,26.5,0.5,30.7,0.1,0.1,22.4,8.3,85.0,145.4,4.4,35.1,4.8
27,25.8,静止,NAVIGATING,0.02,0.0,0,/top-app,1017,2188,864,2.9,16.7,9.8,7.8,0.0,13.7,0.0,0.0,12.7,2.0,12.7,45.1,2.9,19.6,2.0,14.0,74.8,53.7,32.6,0.6,23.8,0.0,0.0,29.7,9.9,46.5,138.2,5.6,40.0,7.8
27,26.8,进站,NAVIGATING,0.19,0.0,0,/top-app,1017,2188,864,2.9,15.7,9.8,10.8,0.0,15.7,0.0,0.0,11.8,2.0,2.0,34.3,1.0,17.6,2.9,13.2,71.9,47.6,33.8,0.1,26.7,0.1,0.0,34.0,10.9,9.4,106.2,5.2,30.4,12.2
27,27.8,进站,NAVIGATING,0.2,0.0,0,/top-app,1017,2188,2476,2.9,15.7,10.8,8.8,1.0,13.7,1.0,0.0,10.8,2.0,3.9,34.3,1.0,17.7,2.0,14.4,59.9,47.4,37.6,0.3,22.9,0.3,0.1,27.5,11.2,33.7,108.9,4.4,22.1,6.7
27,28.8,进站,NAVIGATING,0.14,0.0,0,/top-app,1017,2188,864,2.9,16.6,9.8,7.8,0.0,14.6,0.0,0.0,11.7,2.0,2.0,30.3,2.0,18.5,2.9,13.2,66.6,55.3,39.7,0.1,16.5,0.5,0.0,30.3,13.3,2.7,90.8,7.2,19.6,6.8
27,29.8,进站,NAVIGATING,0.03,0.0,0,/top-app,1017,2188,864,2.0,16.7,10.8,8.8,0.0,15.7,0.0,0.0,12.8,2.9,2.9,35.3,2.0,19.6,2.0,18.1,70.9,46.8,40.6,0.0,22.2,0.1,0.0,28.3,13.4,38.3,129.8,5.3,31.5,5.5
27,30.9,静止,NAVIGATING,0.01,0.0,0,/top-app,1113,2188,864,2.9,13.7,8.8,6.9,1.0,10.8,0.0,0.0,10.8,1.0,30.4,71.6,1.0,16.7,2.0,13.3,44.1,42.2,31.6,0.3,8.4,0.2,0.1,16.8,10.2,60.4,122.5,4.3,9.4,4.0
27,31.9,静止,NAVIGATING,0.0,0.0,0,/top-app,1017,2188,864,2.9,14.7,8.8,7.8,0.0,14.7,0.0,0.0,10.8,2.0,16.6,58.7,2.9,15.7,2.9,18.8,65.1,43.5,37.4,0.0,21.0,0.2,0.0,19.2,14.3,81.1,149.3,4.1,24.7,7.1
27,32.9,静止,ARRIVED,0.0,0.0,0,/top-app,1017,2188,864,2.9,14.5,6.8,8.7,0.0,12.5,0.0,0.0,11.6,1.9,1.9,25.1,1.0,20.3,1.9,18.7,72.2,0.0,0.0,0.0,11.4,0.0,0.0,30.3,15.7,3.2,82.1,7.9,35.9,3.6
28,1.0,静止,NAVIGATING,0.0,0.0,0,/top-app,1017,2188,864,3.9,16.5,10.7,7.8,0.0,17.5,0.0,0.0,11.7,2.9,4.9,40.8,1.0,19.4,2.9,11.0,77.8,48.6,39.3,0.2,25.5,1.6,0.0,28.1,8.4,33.1,124.4,5.2,30.9,7.1
28,2.0,转向,NAVIGATING,0.0,0.59,0,/top-app,1017,2188,864,2.9,17.5,10.7,8.8,0.0,9.7,0.0,1.0,11.7,1.9,1.0,25.3,1.9,19.5,1.9,15.2,81.3,58.9,58.5,0.1,5.8,0.1,0.1,25.6,11.7,10.1,97.3,4.9,32.6,5.7
28,3.1,转向,NAVIGATING,0.0,0.6,0,/top-app,1113,2188,864,2.9,15.5,9.7,8.7,0.0,18.4,0.0,0.0,12.6,1.9,3.9,38.7,1.9,18.4,1.9,19.2,95.8,76.6,56.3,0.1,40.6,0.1,0.0,34.0,12.5,13.8,128.8,7.1,39.7,7.8
28,4.1,转向,NAVIGATING,0.0,0.6,0,/top-app,1017,2188,864,2.9,16.4,10.6,8.7,0.0,9.7,0.0,0.0,10.6,1.9,23.2,60.9,1.9,18.4,2.9,12.4,56.8,48.8,34.8,0.1,5.9,0.2,0.0,18.8,8.5,55.8,111.7,5.5,24.0,3.9
28,5.1,转向,NAVIGATING,0.0,0.6,0,/top-app,1017,2188,864,1.9,13.5,8.7,6.7,0.0,17.3,0.0,0.0,10.6,1.9,27.0,78.0,1.9,17.3,2.9,9.8,61.4,34.6,23.2,0.0,34.9,0.3,0.1,21.7,9.4,103.2,173.9,4.1,26.3,7.5
28,6.2,转向,NAVIGATING,0.0,0.6,0,/top-app,1344,2188,864,3.8,17.3,11.5,8.7,0.0,7.7,0.0,0.0,11.5,1.9,1.9,21.2,1.0,19.2,1.9,16.7,71.5,65.1,36.9,0.1,2.7,0.2,0.0,29.4,13.8,4.7,92.6,7.2,21.6,7.8
28,7.2,转向,NAVIGATING,0.0,0.12,0,/top-app,1017,2188,864,2.9,16.3,9.6,7.7,0.0,20.2,0.0,0.0,11.5,2.9,2.9,42.3,1.9,17.3,2.9,13.3,73.0,51.5,42.6,0.0,30.0,0.0,0.0,28.8,8.8,10.5,98.7,4.9,33.4,7.3
28,8.3,静止,NAVIGATING,0.0,0.02,0,/top-app,1017,2054,864,2.9,17.3,11.5,8.6,0.0,8.6,1.0,0.0,12.5,1.9,4.8,20.2,1.9,21.1,2.9,15.0,54.4,44.3,33.8,0.0,4.1,0.2,0.1,22.4,11.6,19.9,120.9,5.4,35.9,5.0
28,9.3,静止,NAVIGATING,0.0,0.0,0,/top-app,1017,2188,864,2.9,15.4,9.6,7.7,1.0,20.2,0.0,0.0,10.6,1.9,2.9,47.1,1.0,18.2,1.9,18.6,83.0,52.3,40.2,0.2,50.2,0.0,0.0,27.8,13.7,6.2,135.8,9.8,35.9,7.9
28,10.3,直行,NAVIGATING,0.54,0.04,0,/top-app,1228,2188,864,2.9,16.5,9.7,10.6,0.0,8.7,0.0,0.0,13.6,1.9,16.5,41.6,1.9,18.4,2.9,15.9,60.1,42.2,43.3,0.5,4.5,0.7,0.0,24.6,15.6,68.7,157.1,7.4,22.3,5.5
28,11.4,直行,NAVIGATING,0.6,0.0,0,/top-app,1017,2188,864,2.9,14.5,9.7,8.7,0.0,19.4,0.0,0.0,10.7,1.9,29.1,87.2,1.9,19.4,1.9,12.8,45.9,32.4,26.3,0.4,19.2,0.0,0.0,17.3,7.5,92.7,158.9,5.0,23.6,4.1
28,12.4,直行,NAVIGATING,0.6,0.0,0,/top-app,1017,2188,864,3.9,15.6,9.7,9.7,0.0,8.8,0.0,0.0,11.7,1.0,3.9,21.4,1.0,18.5,2.9,15.9,68.9,67.9,47.1,0.1,6.4,0.2,0.0,34.3,11.3,13.8,125.8,6.1,39.9,7.2
28,13.4,直行,NAVIGATING,0.6,0.0,0,/top-app,1017,2188,864,1.9,14.5,9.7,8.7,0.0,16.4,0.0,0.0,11.6,2.9,1.0,38.7,1.9,16.4,1.9,15.7,60.4,55.7,37.3,0.2,35.0,0.0,0.0,30.6,12.3,4.7,109.3,7.4,26.1,9.0
28,14.5,直行,NAVIGATING,0.6,0.0,0,/top-app,1017,2188,864,2.9,17.3,10.6,10.6,0.0,7.7,1.0,0.0,11.6,1.9,3.9,20.2,1.0,19.3,2.9,15.0,65.5,60.2,52.6,0.1,4.1,0.0,0.0,32.3,12.6,13.6,128.3,7.5,35.9,9.0
28,15.5,直行,NAVIGATING,0.6,0.01,0,/top-app,1017,2188,864,2.9,15.4,9.6,8.7,0.0,20.3,0.0,0.0,12.5,1.9,1.0,43.4,2.9,19.3,2.9,17.5,84.9,50.1,37.5,0.2,42.1,0.1,0.0,35.8,11.8,12.8,137.6,5.1,40.7,5.8
28,16.5,直行,NAVIGATING,0.58,0.31,0,/top-app,1017,2188,864,3.8,16.3,10.6,10.6,0.0,9.6,0.0,0.0,11.5,1.9,20.2,35.6,1.9,19.2,1.9,11.7,68.8,45.3,33.9,0.3,5.7,0.3,0.0,24.4,9.4,134.3,172.0,7.3,33.8,5.1
28,17.6,直行,NAVIGATING,0.6,0.56,0,/top-app,1017,2188,864,1.9,14.6,8.8,8.8,0.0,17.5,0.0,0.0,10.7,1.9,33.1,92.5,1.9,17.5,2.9,11.6,50.5,32.2,26.2,0.0,24.4,0.2,0.0,18.1,9.1,105.1,129.6,3.5,17.5,4.2
28,18.6,直行,NAVIGATING,0.6,0.54,0,/top-app,1017,2188,864,2.9,17.3,10.6,9.6,1.0,8.7,1.0,0.0,12.5,2.9,3.8,18.3,1.0,20.2,2.9,17.3,70.1,51.5,47.2,0.4,5.5,0.3,0.0,25.7,12.5,13.3,105.7,4.7,26.9,5.1
28,19.7,直行,NAVIGATING,0.61,0.16,0,/top-app,1017,2188,864,2.9,14.4,9.6,9.6,0.0,18.3,0.0,0.0,11.5,1.0,1.9,42.3,1.9,17.3,1.9,18.1,72.2,48.2,39.0,0.2,35.3,0.0,0.2,29.5,14.9,2.7,108.1,5.1,21.8,6.8
28,20.7,直行,NAVIGATING,0.6,0.04,0,/top-app,1017,2188,864,2.9,17.4,10.6,9.7,0.0,8.7,0.0,0.0,13.5,2.9,3.9,21.3,1.9,21.3,1.9,15.6,89.1,70.4,39.4,0.0,9.0,0.3,0.0,38.2,17.4,26.6,104.4,7.2,36.7,8.0
28,21.7,直行,NAVIGATING,0.6,0.0,0,/top-app,1459,2188,864,3.9,15.4,9.6,8.7,0.0,17.4,1.0,0.0,10.6,1.9,1.9,40.5,1.0,17.4,2.9,14.9,73.9,57.2,45.1,0.0,24.2,0.4,0.0,26.0,9.5,6.0,100.1,5.4,31.1,6.1
28,22.8,直行,NAVIGATING,0.6,0.01,0,/top-app,1555,2188,864,1.9,17.5,10.7,10.7,1.0,9.7,0.0,0.0,12.7,1.0,11.7,32.2,1.9,20.5,2.9,20.4,75.1,55.0,50.0,0.4,6.6,0.0,0.0,25.9,13.6,17.3,133.3,6.0,25.8,5.9
28,23.8,直行,NAVIGATING,0.6,0.0,0,/top-app,1113,2188,864,2.9,14.6,9.7,7.8,0.0,17.5,0.0,0.0,10.7,1.9,33.1,91.6,1.9,18.5,2.9,10.5,47.7,34.1,21.6,0.0,29.5,0.2,0.0,19.6,7.1,71.5,142.8,2.5,22.8,7.3
28,24.8,直行,NAVIGATING,0.39,0.0,0,/top-app,1344,2188,864,2.9,17.6,10.8,10.8,0.0,12.7,0.0,0.0,12.7,2.9,7.8,28.4,1.0,18.6,2.9,21.3,78.7,50.1,51.9,0.3,14.2,0.4,0.0,36.4,12.6,39.9,151.5,8.9,27.6,7.6
28,25.8,静止,NAVIGATING,0.01,0.0,0,/top-app,1017,2188,2476,2.9,15.7,9.8,7.8,0.0,16.7,0.0,0.0,10.8,2.0,1.0,40.2,2.0,19.6,2.0,14.7,71.2,56.1,40.2,0.5,28.4,0.0,0.0,24.2,15.9,4.2,99.1,7.0,31.3,11.1
28,26.8,进站,NAVIGATING,0.2,0.01,0,/top-app,1017,2188,864,2.9,15.6,10.7,10.7,0.0,11.7,0.0,0.0,11.7,1.9,3.9,22.4,1.9,18.5,1.9,14.0,73.9,59.8,41.9,0.1,47.4,0.1,0.0,41.7,17.1,32.1,142.0,8.2,64.2,5.0
28,27.9,进站,NAVIGATING,0.2,0.0,0,/top-app,1344,2188,2476,3.9,16.6,9.8,8.8,0.0,17.6,0.0,0.0,10.7,2.0,1.0,40.1,1.0,18.6,2.0,16.2,80.0,62.5,71.1,0.3,26.0,0.3,0.0,38.3,28.2,2.7,143.3,8.0,44.8,7.4
28,28.9,进站,NAVIGATING,0.13,0.0,0,/top-app,1017,2188,864,2.0,17.6,10.7,8.8,0.0,14.6,0.0,0.0,12.7,2.0,3.9,31.2,2.9,20.5,2.9,22.8,98.1,79.2,37.7,0.8,46.3,0.5,0.1,39.5,10.5,22.5,160.9,6.3,32.6,5.5
28,29.9,进站,NAVIGATING,0.03,0.0,0,/top-app,1017,2188,864,2.9,13.5,8.7,7.7,0.0,12.5,0.0,0.0,9.6,1.9,34.7,86.8,0.0,16.4,2.9,9.8,46.2,38.4,24.2,0.4,10.9,0.0,0.0,29.8,10.2,56.5,135.1,7.6,23.5,3.2
28,31.0,静止,NAVIGATING,0.01,0.0,0,/top-app,1113,2188,864,2.9,15.6,9.8,7.8,0.0,15.6,0.0,0.0,12.7,2.0,13.7,45.0,2.0,19.6,2.9,15.4,85.9,47.7,63.3,0.2,59.3,0.2,0.0,40.7,16.4,49.4,144.2,4.6,75.7,7.0
28,32.0,静止,NAVIGATING,0.0,0.0,0,/top-app,1017,2188,864,3.8,17.3,10.6,7.7,1.0,11.5,0.0,1.0,12.5,2.9,1.9,26.9,1.9,18.3,1.9,15.6,60.8,56.4,38.9,0.0,11.1,0.1,0.0,28.1,12.0,1.9,90.8,6.2,16.0,7.1
28,33.0,静止,ARRIVED,0.0,0.0,0,/top-app,1017,2188,864,2.9,12.7,6.9,9.8,0.0,17.6,0.0,0.0,10.8,1.0,2.9,39.2,2.0,18.6,2.0,13.8,49.8,0.0,0.0,0.1,36.7,0.0,0.0,24.8,10.0,11.4,90.2,5.6,25.9,3.4
29,1.0,静止,NAVIGATING,0.0,0.0,0,/top-app,1017,2188,864,2.9,16.3,10.6,8.6,0.0,9.6,1.0,0.0,10.6,2.9,1.9,23.1,1.9,18.3,2.9,15.7,59.9,72.5,38.1,0.2,12.4,0.1,0.0,25.0,11.5,2.4,89.9,4.5,27.0,5.7
29,2.0,转向,NAVIGATING,0.0,0.59,0,/top-app,1017,2188,864,2.9,15.5,10.7,6.8,0.0,18.5,0.0,0.0,11.7,1.9,2.9,38.9,1.9,18.5,1.9,14.9,64.5,72.2,34.1,0.0,31.4,0.7,0.1,27.5,11.1,15.9,103.7,5.3,30.3,4.8
29,3.1,转向,NAVIGATING,0.0,0.6,0,/top-app,1017,2188,864,2.9,15.5,10.6,8.7,0.0,8.7,0.0,0.0,11.6,1.9,30.9,68.6,1.9,18.4,1.9,9.5,44.1,63.0,24.7,0.1,6.4,0.1,0.0,18.9,10.2,67.6,107.2,3.5,17.8,4.1
29,4.1,转向,NAVIGATING,0.0,0.6,0,/top-app,1017,2188,864,1.9,13.5,7.7,6.8,0.0,18.4,0.0,0.0,10.6,1.9,20.3,68.7,1.0,17.4,2.9,14.7,69.0,57.6,36.6,0.1,33.8,0.4,0.0,30.4,11.9,96.5,149.9,5.2,20.6,6.8
29,5.2,转向,NAVIGATING,0.0,0.6,0,/top-app,1344,2188,864,3.9,16.4,10.6,8.7,0.0,6.8,0.0,0.0,12.6,1.9,1.0,19.3,1.9,18.3,1.9,16.4,73.4,76.7,34.2,0.0,5.2,0.2,0.0,40.2,11.2,19.4,108.0,5.9,38.0,7.1
29,6.2,转向,NAVIGATING,0.0,0.6,0,/top-app,1017,2188,864,1.9,15.4,9.6,7.7,0.0,21.2,1.0,0.0,10.6,1.9,3.9,46.3,1.0,18.3,2.9,22.6,74.6,51.7,48.5,0.5,29.2,0.0,0.0,36.2,11.4,37.3,144.5,4.9,32.2,7.2
29,7.2,转向,NAVIGATING,0.0,0.12,0,/top-app,1113,2188,864,3.9,14.5,9.6,8.7,0.0,8.7,0.0,0.0,10.6,1.9,4.8,19.3,1.0,19.3,2.9,11.9,64.1,46.3,35.6,0.0,5.9,0.1,0.0,26.4,10.1,32.1,105.4,4.5,24.7,6.0
29,8.3,静止,NAVIGATING,0.0,0.02,0,/top-app,1113,2188,864,1.9,15.4,10.6,8.6,0.0,18.3,0.0,0.0,9.6,1.9,1.0,41.3,1.9,18.3,1.9,17.3,55.9,59.6,45.2,0.0,36.3,0.6,0.0,27.3,9.7,5.5,95.4,3.5,28.9,9.8
29,9.3,静止,NAVIGATING,0.0,0.0,0,/top-app,1344,2188,864,2.9,15.6,9.7,6.8,1.0,8.8,0.0,0.0,11.7,1.9,25.3,51.6,1.9,19.5,1.9,13.1,61.9,43.0,31.8,0.0,3.0,0.0,0.0,21.2,7.5,92.0,145.5,3.8,26.0,4.9
29,10.3,直行,NAVIGATING,0.56,0.03,0,/top-app,1017,2188,864,3.8,14.4,8.7,10.6,0.0,16.4,0.0,0.0,11.5,2.9,24.1,76.0,1.9,17.3,2.9,15.5,65.6,55.2,39.9,0.0,20.5,0.0,0.0,21.9,12.8,77.0,124.1,5.0,26.3,6.9
29,11.4,直行,NAVIGATING,0.6,0.0,0,/top-app,1017,2188,864,2.9,17.3,11.5,9.6,0.0,9.6,0.0,0.0,11.5,1.0,4.8,18.2,1.9,19.2,1.9,15.0,60.5,55.6,37.7,0.1,5.1,0.1,0.1,28.1,15.6,14.7,96.2,5.4,26.4,7.6
29,12.4,直行,NAVIGATING,0.6,0.0,0,/top-app,1017,2188,864,2.9,13.5,9.7,8.7,0.0,17.4,1.0,0.0,10.6,1.9,1.9,39.6,1.9,18.3,2.9,18.5,60.0,56.3,44.2,0.0,28.2,0.0,0.0,30.4,12.1,1.7,75.5,7.9,26.2,7.9
29,13.4,直行,NAVIGATING,0.6,0.0,0,/top-app,1017,2188,864,2.9,16.3,9.6,9.6,1.0,7.7,0.0,0.0,12.5,2.9,2.9,21.2,1.0,20.2,2.9,16.4,73.5,64.9,39.2,0.1,10.2,0.2,0.0,29.0,13.8,24.6,118.5,7.1,40.3,6.7
29,14.5,直行,NAVIGATING,0.6,0.0,0,/top-app,1344,2054,864,2.9,15.5,9.7,10.7,0.0,18.4,0.0,0.0,11.6,1.9,1.9,40.7,1.9,18.4,1.9,14.9,64.2,47.9,36.4,0.1,35.8,0.1,0.2,30.3,13.3,4.4,110.6,6.1,21.7,6.0
29,15.5,直行,NAVIGATING,0.6,0.0,0,/top-app,1113,2188,864,2.9,15.4,9.7,9.7,0.0,7.7,0.0,0.0,11.6,1.9,18.3,43.4,1.0,19.3,2.9,13.9,66.1,62.4,30.5,0.4,4.9,0.1,0.0,28.1,13.0,83.0,141.8,4.5,31.5,6.5
29,16.6,直行,NAVIGATING,0.59,0.34,0,/top-app,1017,2188,864,2.9,14.5,9.6,9.6,0.0,17.4,0.0,0.0,10.6,1.9,25.1,78.1,1.9,17.4,1.9,14.4,60.6,59.5,32.9,0.4,19.7,0.2,0.0,26.3,12.5,84.3,130.2,4.5,32.7,5.3
29,17.6,直行,NAVIGATING,0.6,0.56,0,/top-app,1017,2188,864,1.9,15.5,9.7,8.7,0.0,7.7,1.0,0.0,12.6,1.9,2.9,15.5,1.9,19.3,3.9,14.4,56.5,46.8,26.6,0.1,3.4,0.2,0.0,23.5,11.7,39.3,86.3,4.2,28.6,4.1
29,18.6,直行,NAVIGATING,0.6,0.54,0,/top-app,1017,2188,864,3.9,14.6,10.7,8.8,0.0,20.4,0.0,0.0,10.7,1.9,1.9,48.7,1.0,18.5,1.9,16.5,71.2,59.5,34.1,0.1,40.1,0.2,0.1,27.7,13.3,2.1,101.0,6.2,32.0,8.0
29,19.7,直行,NAVIGATING,0.6,0.13,0,/top-app,1017,2188,864,1.9,16.3,10.6,9.6,0.0,8.6,0.0,0.0,13.4,1.9,4.8,19.2,1.9,19.2,2.9,22.1,67.8,46.1,28.5,0.2,3.2,0.0,0.0,28.9,13.9,13.5,107.3,5.5,28.7,6.1
29,20.7,直行,NAVIGATING,0.6,0.04,0,/top-app,1017,2188,864,2.9,14.5,8.7,8.7,0.0,17.4,0.0,0.0,10.6,2.9,1.0,40.6,1.9,17.4,1.9,11.5,55.6,46.5,32.2,0.0,28.4,0.1,0.1,26.9,7.7,1.4,91.8,5.2,20.5,6.4
29,21.7,直行,NAVIGATING,0.6,0.0,0,/top-app,1228,2188,864,2.9,14.6,8.8,8.8,0.0,7.8,0.0,0.0,10.7,1.9,20.5,36.0,1.9,17.5,1.9,15.0,58.0,46.8,32.9,0.1,4.1,0.4,0.0,27.8,8.8,27.7,122.1,4.3,14.7,4.6
29,22.7,直行,NAVIGATING,0.6,0.0,0,/top-app,1017,2188,864,3.9,13.7,9.8,8.8,0.0,16.6,0.0,0.0,10.7,1.0,30.3,84.0,1.0,17.6,2.9,11.5,38.3,50.0,18.3,0.0,23.5,0.0,0.0,16.9,6.7,76.0,131.7,3.8,20.3,4.4
29,23.8,直行,NAVIGATING,0.6,0.0,0,/top-app,1228,2188,2342,2.9,16.7,10.8,9.8,0.0,10.8,0.0,0.0,11.8,2.9,2.9,28.5,2.0,19.6,2.9,19.1,78.1,62.1,34.4,0.2,15.1,0.4,0.0,31.6,12.7,13.3,152.0,7.0,33.6,5.8
29,24.8,直行,NAVIGATING,0.38,0.0,0,/top-app,1017,2188,864,2.9,16.6,9.8,8.8,0.0,17.6,0.0,0.0,12.7,1.0,2.0,37.1,1.0,19.5,2.0,18.5,63.9,70.6,35.2,0.2,26.4,0.0,0.0,35.6,14.3,2.9,102.4,6.0,29.4,5.0
29,25.8,静止,NAVIGATING,0.01,0.0,0,/top-app,1017,2188,2476,2.9,14.7,11.7,8.8,0.0,12.7,0.0,0.0,11.7,2.9,2.9,27.4,2.0,21.5,2.0,18.0,68.8,51.6,50.9,0.0,20.9,0.1,0.0,41.3,10.8,11.6,145.0,4.6,44.5,4.8
29,26.8,进站,NAVIGATING,0.2,0.0,0,/top-app,1017,2188,864,2.9,15.6,10.7,12.7,0.0,17.5,1.9,0.0,11.7,1.9,1.9,39.0,1.9,17.5,2.9,20.3,52.3,54.1,37.3,0.1,23.7,0.2,0.1,27.8,10.1,1.8,92.1,7.4,27.3,6.1
29,27.9,进站,NAVIGATING,0.2,0.0,0,/top-app,1228,2188,864,2.9,16.6,9.8,8.8,1.0,12.7,0.0,0.0,11.8,2.0,14.7,41.1,2.0,19.6,2.9,11.5,66.4,52.1,35.1,0.0,30.5,0.1,0.0,32.1,10.3,34.7,154.1,4.5,30.4,10.3
29,28.9,进站,NAVIGATING,0.11,0.0,0,/top-app,1017,2188,864,2.9,13.5,8.7,6.7,0.0,12.5,0.0,0.0,10.6,1.9,28.9,81.9,1.0,16.4,1.9,9.2,46.2,35.6,26.4,0.1,24.8,0.3,0.1,22.0,12.2,70.1,122.2,5.7,18.8,5.0
29,29.9,进站,NAVIGATING,0.02,0.0,0,/top-app,1113,844,2476,2.9,14.7,9.8,7.8,0.0,14.7,0.0,0.0,10.8,2.0,2.9,30.3,2.0,17.6,2.9,16.6,77.0,58.8,44.5,0.1,27.5,0.0,0.0,46.2,11.9,22.5,171.6,7.0,29.8,10.4
29,31.0,静止,NAVIGATING,0.01,0.0,0,/top-app,1017,2188,864,2.9,16.3,10.5,8.6,0.0,13.4,0.0,0.0,10.5,1.9,1.9,33.6,1.9,20.1,1.9,12.0,59.4,50.7,54.1,0.3,16.2,0.1,0.0,26.9,12.4,2.3,85.3,6.5,37.4,9.3
29,32.0,静止,NAVIGATING,0.0,0.0,0,/top-app,1017,2188,864,2.9,16.4,9.7,8.7,0.0,17.4,0.0,0.0,12.5,2.9,3.9,35.7,1.0,19.3,2.9,14.2,90.3,65.7,38.3,0.3,26.3,0.2,0.1,32.7,12.8,18.5,125.8,4.6,53.2,8.5
29,33.0,静止,ARRIVED,0.0,0.0,0,/top-app,1017,2188,864,2.9,13.6,5.8,6.8,0.0,11.7,0.0,0.0,11.7,1.0,2.9,22.4,1.9,20.5,1.0,18.0,63.7,0.0,0.0,0.4,15.6,0.2,0.0,26.4,11.8,2.8,79.1,8.7,29.4,1.8
30,1.0,静止,NAVIGATING,0.0,0.0,0,/top-app,1459,2188,864,3.9,16.5,11.7,8.8,0.0,19.4,0.0,0.0,11.7,2.9,13.6,53.5,1.9,19.4,2.9,15.4,64.5,70.7,53.0,0.1,23.4,0.2,0.0,28.5,11.2,18.5,121.0,6.7,25.9,5.2
30,2.0,转向,NAVIGATING,0.0,0.59,0,/top-app,1017,2188,864,2.9,13.5,8.7,7.7,0.0,6.7,0.0,0.0,10.6,1.9,28.9,69.4,1.9,16.4,1.9,10.6,45.4,43.0,25.8,0.0,2.7,0.2,0.0,20.5,9.3,60.6,140.4,5.5,12.5,2.7
30,3.1,转向,NAVIGATING,0.0,0.6,0,/top-app,1017,2188,864,2.9,16.4,9.7,7.7,1.0,18.3,1.0,0.0,11.6,1.9,3.9,43.5,1.9,16.4,2.9,21.2,78.1,50.4,37.0,0.1,35.9,0.0,0.0,29.0,13.7,30.0,102.1,7.1,35.6,5.1
30,4.1,转向,NAVIGATING,0.0,0.6,0,/top-app,1228,2188,864,2.9,17.4,11.6,8.7,0.0,7.7,0.0,0.0,12.5,1.9,2.9,20.3,1.0,19.3,1.9,14.6,76.3,62.7,53.8,0.4,1.9,0.0,0.0,29.5,13.3,1.8,73.5,4.8,27.6,6.1
30,5.1,转向,NAVIGATING,0.0,0.6,0,/top-app,1017,2188,864,2.9,15.5,9.7,7.7,0.0,17.4,0.0,0.0,11.6,1.9,2.9,40.6,1.9,18.4,2.9,15.9,64.7,45.5,30.2,0.1,30.4,0.1,0.1,32.4,14.4,14.4,111.2,6.6,30.4,6.2
30,6.2,转向,NAVIGATING,0.0,0.58,0,/top-app,1113,2188,864,2.9,17.4,10.6,9.7,0.0,9.7,0.0,0.0,12.6,2.9,5.8,19.3,1.9,19.3,2.9,18.3,57.9,57.6,37.9,0.0,12.8,0.8,0.0,29.9,10.9,28.3,126.1,4.2,36.0,5.3
30,7.2,转向,NAVIGATING,0.0,0.12,0,/top-app,1459,2188,864,2.9,16.4,10.6,7.7,0.0,19.3,0.0,0.0,12.5,1.9,12.5,54.0,1.9,19.3,1.9,16.7,75.1,56.0,27.7,0.1,28.3,0.0,0.0,27.0,16.2,49.1,132.7,5.2,24.8,3.7
30,8.3,静止,NAVIGATING,0.0,0.02,0,/top-app,1017,2188,864,3.8,14.4,9.6,7.7,1.0,6.7,0.0,0.0,9.6,1.9,32.7,76.0,1.0,18.3,2.9,11.3,50.3,41.5,32.0,0.0,4.6,0.8,0.1,29.0,6.4,123.7,163.7,6.7,14.5,3.9
30,9.3,静止,NAVIGATING,0.0,0.0,0,/top-app,1017,2188,864,1.9,15.4,9.6,7.7,0.0,19.2,0.0,0.0,12.5,1.9,4.8,47.1,1.9,18.3,1.9,11.2,76.1,51.2,33.2,0.5,42.0,0.1,0.1,28.5,16.2,36.1,103.3,4.6,40.8,5.7
30,10.3,直行,NAVIGATING,0.56,0.03,0,/top-app,1017,2188,864,2.9,17.3,10.6,9.6,0.0,10.6,0.0,0.0,11.6,1.9,10.6,25.0,1.9,21.2,1.9,12.0,63.7,48.3,32.1,0.6,8.4,0.2,0.0,27.8,12.3,75.0,126.1,4.3,26.9,3.9
30,11.4,直行,NAVIGATING,0.6,0.01,0,/top-app,1017,2188,864,2.9,14.5,9.7,8.7,0.0,18.3,0.0,0.0,10.6,1.9,1.0,41.5,1.0,16.4,2.9,17.5,65.1,49.4,27.5,0.0,36.1,0.2,0.1,39.8,10.7,11.3,110.7,5.4,35.6,6.8
30,12.4,直行,NAVIGATING,0.6,0.0,0,/top-app,1017,2188,864,2.9,16.4,10.6,10.6,0.0,7.7,0.0,0.0,12.5,1.9,3.9,18.3,1.9,19.3,2.9,16.1,75.7,56.7,49.0,0.4,7.4,0.3,0.0,33.6,13.6,18.3,98.7,5.7,51.9,4.7
30,13.4,直行,NAVIGATING,0.6,0.0,0,/top-app,1017,2188,864,2.9,16.4,9.6,9.6,1.0,19.3,0.0,0.0,11.6,2.9,5.8,44.3,1.9,19.3,1.9,14.4,54.1,46.6,27.9,0.1,45.3,0.0,0.0,23.8,9.3,6.0,83.3,9.4,46.2,6.9
30,14.5,直行,NAVIGATING,0.6,0.0,0,/top-app,1344,2188,864,2.9,15.4,9.7,9.7,0.0,7.7,1.0,0.0,11.6,1.0,32.8,80.1,1.9,17.4,1.9,9.3,37.8,41.1,27.4,0.0,3.6,0.4,0.1,21.1,5.6,105.4,149.1,5.5,12.1,2.6
30,15.5,直行,NAVIGATING,0.6,0.0,0,/top-app,1017,2188,864,2.9,15.4,10.6,9.6,0.0,21.2,0.0,0.0,10.6,2.9,9.6,54.9,1.0,20.2,2.9,15.9,65.2,46.2,37.3,0.3,28.5,0.2,0.0,22.3,7.4,45.3,136.1,6.1,28.2,4.9
30,16.6,直行,NAVIGATING,0.59,0.35,0,/top-app,1017,2188,864,2.9,14.4,8.6,8.6,0.0,7.7,0.0,0.0,11.5,1.9,2.9,19.2,1.9,17.3,1.9,14.8,81.4,49.4,40.9,0.3,6.8,0.0,0.4,31.0,12.5,24.1,109.1,5.0,21.6,4.4
30,17.6,直行,NAVIGATING,0.6,0.56,0,/top-app,1017,2188,864,2.9,16.3,10.6,10.6,0.0,19.2,0.0,0.0,12.5,1.0,1.9,44.1,1.9,19.2,1.9,11.4,85.0,57.8,50.3,0.1,41.7,0.8,0.0,40.9,10.3,2.4,96.3,5.6,30.9,8.7
30,18.6,直行,NAVIGATING,0.6,0.54,0,/top-app,1017,2188,864,2.9,17.3,10.6,9.6,0.0,9.6,0.0,0.0,12.5,1.9,4.8,18.3,1.0,21.2,2.9,14.3,98.4,58.4,52.7,0.3,11.6,0.1,0.0,38.9,12.1,20.8,100.8,7.0,49.2,7.4
30,19.7,直行,NAVIGATING,0.6,0.14,0,/top-app,1017,2188,864,2.9,15.5,9.7,9.7,0.0,16.4,0.0,0.0,10.6,2.9,1.0,40.6,1.9,16.4,1.9,11.5,84.9,65.8,40.6,0.1,37.7,0.0,0.1,36.3,9.6,2.5,86.1,4.2,44.6,7.6
30,20.7,直行,NAVIGATING,0.6,0.04,0,/top-app,1228,2188,2476,3.9,14.7,8.8,8.8,0.0,8.8,0.0,0.0,11.7,2.0,38.2,68.5,1.0,18.6,2.0,13.5,54.0,38.1,35.4,0.0,5.5,0.1,0.1,23.6,12.0,113.0,155.5,4.3,18.7,5.6
30,21.7,直行,NAVIGATING,0.6,0.0,0,/top-app,1017,2188,864,2.9,15.7,10.8,9.8,1.0,16.7,1.0,0.0,10.8,2.0,14.7,54.9,2.0,18.6,2.9,12.5,71.5,58.6,39.3,0.4,23.6,0.0,0.0,32.7,13.6,50.5,118.9,7.2,24.6,5.6
30,22.7,直行,NAVIGATING,0.6,0.01,0,/top-app,1344,2188,864,3.0,17.8,10.9,9.9,0.0,10.9,0.0,1.0,12.8,2.0,4.9,27.7,2.0,18.8,3.0,17.4,71.3,69.0,42.2,0.1,12.0,0.3,0.1,30.6,13.3,15.7,117.1,7.6,29.6,6.4
30,23.8,直行,NAVIGATING,0.6,0.01,0,/top-app,1017,2188,1132,1.0,11.7,7.8,7.8,0.0,13.7,1.0,0.0,8.8,2.0,1.0,33.3,1.0,14.7,1.0,11.7,59.2,55.2,31.9,0.0,18.9,0.2,0.0,25.4,18.8,2.4,94.6,7.0,18.6,3.9
30,24.8,直行,NAVIGATING,0.37,0.0,0,/top-app,1113,2188,2476,3.9,18.6,11.8,9.8,0.0,11.8,1.0,0.0,13.7,2.0,2.9,26.5,2.0,21.6,2.9,13.5,80.3,61.9,45.5,1.0,14.1,0.3,0.1,31.3,12.4,12.0,120.6,4.5,36.3,6.0
30,25.8,静止,NAVIGATING,0.0,0.0,0,/top-app,1017,2188,864,2.9,14.7,9.8,7.8,0.0,16.6,0.0,0.0,11.7,2.0,2.0,32.3,2.0,19.6,2.0,14.9,72.6,63.0,43.2,0.2,18.7,0.1,0.4,27.4,13.2,2.1,116.4,7.4,38.7,6.6
30,26.8,进站,NAVIGATING,0.2,0.0,0,/top-app,1113,2188,864,2.9,16.7,10.8,10.8,0.0,11.8,0.0,0.0,11.8,2.0,29.4,62.8,2.0,18.6,2.0,12.1,57.5,57.3,27.9,0.0,18.2,0.1,0.0,22.0,12.2,95.3,150.4,4.9,21.0,6.5
30,27.9,进站,NAVIGATING,0.2,0.0,0,/top-app,1017,2188,864,2.9,14.5,7.7,6.8,1.0,11.6,0.0,0.0,9.7,1.9,22.2,58.9,1.0,18.3,2.9,13.4,72.4,60.7,34.9,0.2,26.6,0.0,0.0,31.3,11.2,52.1,118.1,6.7,25.2,4.1
30,28.9,进站,NAVIGATING,0.12,0.0,0,/top-app,1017,2054,864,1.9,17.3,11.6,9.6,0.0,15.4,1.0,0.0,12.5,1.9,1.9,31.8,1.9,19.3,1.9,21.6,65.2,52.4,35.5,0.0,16.3,0.3,0.2,22.6,9.9,12.2,119.8,7.7,30.0,5.7
30,29.9,进站,NAVIGATING,0.03,0.0,0,/top-app,1017,2188,2476,3.9,14.7,8.8,6.9,0.0,14.7,0.0,0.0,10.8,2.0,1.0,31.4,1.0,18.6,2.9,15.9,70.2,49.7,51.1,0.0,16.6,0.2,0.0,27.3,11.1,11.7,104.0,5.0,25.3,7.3
30,31.0,静止,NAVIGATING,0.01,0.0,0,/top-app,1017,2188,864,2.9,16.4,10.6,8.7,0.0,16.4,0.0,0.0,11.5,1.9,4.8,37.5,1.9,19.2,1.9,14.2,52.0,50.8,35.2,0.1,20.0,0.1,0.0,23.5,13.5,14.1,88.7,6.7,36.4,8.3
30,32.0,静止,NAVIGATING,0.0,0.0,0,/top-app,1017,1920,864,3.8,17.3,10.6,8.7,0.0,11.5,0.0,0.0,12.5,2.9,1.9,26.0,1.9,20.2,3.8,16.0,78.0,58.8,56.2,0.0,16.7,1.6,0.1,27.9,13.2,1.4,111.1,5.5,25.8,8.9
30,33.0,静止,ARRIVED,0.0,0.0,0,/top-app,1017,2188,864,1.9,12.5,6.7,9.6,0.0,16.4,0.0,0.0,10.6,1.0,26.0,65.5,1.0,16.4,1.0,13.7,46.7,0.0,0.0,0.3,15.0,0.1,0.0,20.8,9.3,57.6,118.6,6.2,17.2,1.6
31,1.0,静止,NAVIGATING,0.0,0.0,0,/top-app,1017,2188,864,2.9,16.5,9.7,7.7,0.0,8.7,0.0,0.0,11.6,2.9,19.4,56.1,2.9,19.4,1.9,10.7,53.1,85.8,42.2,0.0,4.2,0.1,0.0,23.9,7.8,43.5,108.6,5.2,25.2,5.7
31,2.0,转向,NAVIGATING,0.0,0.59,0,/top-app,1344,2188,864,2.9,14.5,9.7,7.7,0.0,18.3,0.0,0.0,10.6,1.9,4.8,39.6,1.0,18.3,2.9,19.4,73.0,79.6,43.2,0.0,30.5,0.4,0.1,30.7,13.0,25.3,134.0,6.6,32.0,4.2
31,3.1,转向,NAVIGATING,0.0,0.6,0,/top-app,1555,2188,864,2.9,16.5,10.7,8.7,0.0,6.8,0.0,0.0,11.7,1.9,2.9,19.4,1.9,19.4,1.9,24.7,87.8,102.4,42.9,0.3,7.6,0.0,0.0,31.0,12.2,5.9,93.9,7.3,27.9,7.3
31,4.1,转向,NAVIGATING,0.0,0.6,0,/top-app,1017,2188,864,2.9,13.5,7.7,7.7,0.0,17.4,0.0,0.0,11.6,1.9,1.0,39.5,1.0,19.3,1.9,12.3,79.7,78.9,37.5,0.2,29.9,0.0,0.0,33.4,10.9,8.8,113.5,6.4,48.4,6.3
31,5.1,转向,NAVIGATING,0.0,0.6,0,/top-app,1017,2188,864,3.9,17.4,10.6,8.7,1.0,8.7,0.0,1.0,11.6,2.9,3.9,19.4,1.9,19.4,2.9,18.5,101.6,77.9,42.1,0.0,17.4,0.3,0.1,42.3,16.8,11.6,131.3,5.1,30.5,10.1
31,6.2,转向,NAVIGATING,0.0,0.6,0,/top-app,1555,1651,2476,2.9,14.6,8.8,7.8,0.0,17.5,0.0,0.0,12.7,1.0,22.4,70.2,1.0,19.5,1.9,15.7,101.3,88.0,30.3,0.5,25.1,0.0,0.0,35.2,11.2,58.6,149.5,6.1,25.4,7.9
31,7.2,转向,NAVIGATING,0.0,0.13,0,/top-app,1017,2188,864,1.9,15.4,8.7,8.7,0.0,6.7,0.0,0.0,10.6,1.9,25.0,55.8,2.9,18.3,2.9,14.1,78.9,52.3,39.2,0.2,0.0,0.1,0.3,23.5,12.7,91.9,122.8,5.5,32.2,5.4
31,8.2,静止,NAVIGATING,0.0,0.02,0,/top-app,1017,2188,864,3.9,15.4,10.6,7.7,0.0,20.2,0.0,0.0,11.6,1.9,1.9,39.5,1.0,19.3,1.9,20.6,84.4,65.6,36.7,0.1,40.9,0.3,0.0,29.4,13.8,4.8,139.0,6.9,31.9,6.5
31,9.3,静止,NAVIGATING,0.02,0.02,0,/top-app,1017,2188,864,2.9,17.4,9.7,9.7,0.0,7.7,0.0,0.0,11.6,1.9,2.9,24.2,1.9,20.3,2.9,16.9,91.7,81.8,48.4,0.3,6.9,0.3,0.0,33.6,16.7,8.2,139.0,8.7,38.3,7.9
31,10.3,直行,NAVIGATING,0.54,0.03,0,/top-app,1017,2188,864,2.9,15.4,8.7,8.7,0.0,19.3,0.0,0.0,12.5,2.9,3.9,40.4,1.0,18.3,1.9,15.4,75.4,60.1,36.3,0.3,22.7,0.0,0.0,37.8,10.7,4.8,111.4,4.2,28.0,7.2
31,11.4,直行,NAVIGATING,0.6,0.01,0,/top-app,1017,2188,864,2.9,14.5,9.6,9.6,0.0,7.7,1.0,0.0,11.6,1.9,2.9,20.3,1.9,18.3,2.9,13.0,70.0,70.9,28.6,0.0,5.8,0.3,0.2,32.4,10.8,14.6,138.0,5.4,20.5,9.0
31,12.4,直行,NAVIGATING,0.6,0.0,0,/top-app,1017,2054,864,2.9,14.5,9.7,8.7,0.0,18.3,0.0,0.0,10.6,1.0,22.2,66.6,1.9,17.4,1.9,13.0,64.9,60.2,32.0,0.2,20.8,0.2,0.0,23.0,14.3,35.4,131.1,5.1,22.7,8.8
31,13.4,直行,NAVIGATING,0.6,0.0,0,/top-app,1017,2188,864,2.9,15.5,8.7,9.7,0.0,7.7,0.0,0.0,11.6,1.9,27.1,60.0,1.0,19.4,1.9,15.4,72.1,49.7,30.5,1.5,13.3,0.1,0.2,26.3,10.1,101.3,194.2,4.8,35.6,12.0
31,14.5,直行,NAVIGATING,0.6,0.01,0,/top-app,1017,2188,864,2.9,15.5,8.7,10.6,0.0,18.4,0.0,0.0,12.6,1.9,2.9,41.6,1.9,18.4,2.9,18.1,93.9,79.2,42.1,0.0,34.4,0.3,0.0,26.9,14.0,3.5,144.1,5.5,35.1,11.5
31,15.5,直行,NAVIGATING,0.6,0.0,0,/top-app,1017,2188,864,2.9,15.4,9.6,9.6,0.0,12.5,0.0,0.0,10.6,2.9,3.9,22.1,1.0,19.3,2.9,19.6,92.2,79.6,38.2,0.2,6.0,0.2,0.0,37.2,15.0,36.7,162.6,6.2,55.3,6.1
31,16.5,直行,NAVIGATING,0.58,0.35,0,/top-app,1017,2188,864,2.9,15.5,7.8,9.7,1.0,17.5,0.0,0.0,11.6,1.9,1.9,38.8,1.9,18.4,1.9,19.9,112.3,76.0,53.5,0.2,30.7,0.1,0.0,38.5,18.3,5.8,118.9,7.8,40.5,10.2
31,17.6,直行,NAVIGATING,0.6,0.55,0,/top-app,1017,2188,864,3.9,16.4,10.6,10.6,0.0,8.7,0.0,0.0,13.5,1.9,2.9,22.2,1.9,20.3,2.9,18.4,83.9,83.0,41.4,0.2,3.5,0.9,0.2,29.8,13.1,24.9,112.8,7.5,25.1,9.7
31,18.6,直行,NAVIGATING,0.6,0.55,0,/top-app,1113,2188,864,1.9,14.6,8.7,7.8,1.0,17.5,0.0,0.0,10.7,1.9,18.4,59.2,1.0,15.5,1.9,14.3,100.4,64.1,40.3,0.6,37.5,0.6,0.0,27.7,14.1,22.2,129.2,6.7,36.6,10.6
31,19.6,直行,NAVIGATING,0.6,0.13,0,/top-app,1228,2188,864,3.9,14.6,7.8,9.8,0.0,8.8,1.0,0.0,13.7,2.0,34.1,76.1,2.0,18.5,2.0,23.7,76.6,61.2,28.5,0.1,2.2,0.4,0.1,26.8,17.5,112.7,170.8,7.0,21.5,8.1
31,20.7,直行,NAVIGATING,0.6,0.03,0,/top-app,1017,2188,2476,2.9,15.6,9.7,9.7,0.0,19.5,0.0,0.0,11.7,1.9,6.8,43.8,1.9,19.5,2.9,18.4,93.4,88.3,44.9,0.0,34.9,0.5,0.1,35.2,19.2,30.2,140.1,6.0,31.4,10.1
31,21.7,直行,NAVIGATING,0.6,0.01,0,/top-app,1228,2188,864,2.9,16.6,9.8,10.8,0.0,9.8,0.0,0.0,12.7,2.0,2.9,20.6,2.0,21.5,2.9,19.3,110.1,77.1,53.0,0.3,6.4,2.0,0.0,36.6,16.2,13.2,117.4,7.5,46.9,8.0
31,22.7,直行,NAVIGATING,0.6,0.0,0,/top-app,1017,2188,864,2.9,15.7,9.8,8.8,0.0,18.6,1.0,0.0,12.8,2.0,2.0,40.2,2.0,18.6,2.0,16.6,101.0,73.7,43.0,0.1,30.5,0.0,0.0,33.5,13.4,4.0,129.8,5.5,32.9,8.6
31,23.7,直行,NAVIGATING,0.6,0.01,0,/top-app,1017,2188,864,2.9,16.6,9.8,9.8,0.0,10.7,1.0,0.0,12.7,2.0,2.9,25.4,1.0,19.5,2.9,18.5,110.1,66.7,58.1,0.0,14.5,0.5,0.0,42.5,11.3,8.1,130.4,6.8,36.9,8.5
31,24.7,直行,NAVIGATING,0.39,0.0,0,/top-app,1017,2188,2476,2.9,17.6,9.8,9.8,0.0,19.6,0.0,0.0,12.7,2.0,2.9,40.2,2.0,19.6,2.0,21.6,104.8,77.9,49.3,1.0,27.6,0.7,0.3,37.5,16.9,6.5,147.3,7.3,39.8,10.2
31,25.8,静止,NAVIGATING,0.01,0.0,0,/top-app,1555,2188,864,2.9,13.7,7.8,6.8,0.0,11.7,0.0,0.0,10.8,2.0,35.2,81.1,2.0,17.6,2.0,13.2,69.1,58.5,33.1,0.1,16.5,0.4,0.3,24.3,11.9,106.3,206.8,7.0,21.0,10.4
31,26.8,进站,NAVIGATING,0.2,0.0,0,/top-app,1017,2054,864,2.9,14.4,8.7,10.6,0.0,10.6,0.0,0.0,10.6,1.9,12.5,39.5,1.0,17.3,2.9,14.4,92.8,93.2,48.4,0.2,14.4,0.0,0.0,29.9,14.3,35.9,131.7,7.0,36.1,7.7
31,27.8,进站,NAVIGATING,0.2,0.0,0,/top-app,1017,1286,864,2.9,17.6,9.8,7.8,1.0,12.7,0.0,0.0,12.7,2.0,3.9,31.3,2.0,18.6,2.0,13.6,95.6,92.2,51.4,0.5,13.4,0.3,0.1,28.0,16.1,22.2,119.2,7.7,26.5,9.6
31,28.9,进站,NAVIGATING,0.11,0.0,0,/top-app,1017,2188,864,2.9,15.4,10.6,8.7,0.0,14.4,0.0,0.0,13.5,1.9,1.0,35.6,1.9,19.2,2.9,17.3,94.0,72.2,64.7,0.1,17.6,0.1,0.1,28.2,16.4,3.8,132.7,6.1,27.0,13.5
31,29.9,进站,NAVIGATING,0.02,0.0,0,/top-app,1017,2188,864,2.9,16.4,8.7,8.7,0.0,14.4,0.0,0.0,12.5,2.9,2.9,27.9,1.9,18.3,1.9,17.0,82.9,70.2,39.5,0.2,18.0,0.5,0.0,24.8,14.3,12.2,133.3,6.4,25.9,10.8
31,30.9,静止,NAVIGATING,0.01,0.0,0,/top-app,1017,2188,864,3.8,17.3,9.6,9.6,0.0,12.5,0.0,0.0,12.5,1.0,2.9,29.8,1.9,19.2,2.9,18.8,120.9,100.9,61.3,0.4,19.0,0.3,0.0,35.0,11.5,3.7,124.3,5.9,23.4,13.4
31,32.0,静止,NAVIGATING,0.0,0.0,0,/top-app,1459,2188,864,2.9,13.5,8.7,8.7,0.0,15.4,0.0,0.0,10.6,2.9,33.8,80.1,1.0,16.4,1.9,14.5,90.4,75.1,40.3,0.0,25.3,0.0,0.2,23.7,15.7,93.8,204.9,6.5,34.5,14.1
31,33.0,静止,ARRIVED,0.0,0.0,0,/top-app,1017,2188,864,3.9,14.5,5.8,6.8,0.0,8.7,0.0,0.0,12.6,1.9,12.6,36.7,1.9,20.3,1.9,15.6,58.1,0.0,0.0,0.2,4.2,0.3,0.1,21.4,9.6,66.0,79.7,5.8,20.2,2.6
32,1.0,静止,NAVIGATING,0.0,0.0,0,/top-app,1017,2188,864,1.9,14.5,10.6,7.7,0.0,17.4,0.0,0.0,10.6,1.9,3.9,40.6,1.9,16.4,1.9,11.2,59.8,59.8,38.2,0.8,32.4,0.1,0.0,27.7,14.9,32.7,145.5,6.1,25.5,4.7
32,2.0,转向,NAVIGATING,0.0,0.59,0,/top-app,1555,2188,864,2.9,17.4,9.7,9.7,0.0,8.7,0.0,0.0,12.6,1.9,2.9,21.3,1.0,20.3,2.9,19.7,76.5,63.1,41.6,0.0,7.7,0.3,0.1,33.6,17.4,10.7,110.0,5.8,34.4,9.0
32,3.1,转向,NAVIGATING,0.0,0.6,0,/top-app,1017,2188,864,2.9,16.4,10.6,7.7,0.0,19.3,0.0,0.0,12.6,1.9,1.9,45.4,1.9,19.3,1.9,14.9,53.8,43.1,30.9,0.2,25.5,0.3,0.1,26.6,9.0,6.5,84.5,5.9,23.7,6.4
32,4.1,转向,NAVIGATING,0.0,0.6,0,/top-app,1555,2054,864,3.9,17.5,11.7,8.7,0.0,9.7,1.0,0.0,13.6,2.9,6.8,22.3,1.0,21.4,2.9,10.0,63.7,47.0,24.9,0.3,4.4,0.1,0.0,23.1,12.8,57.6,113.4,4.1,33.4,6.0
32,5.1,转向,NAVIGATING,0.0,0.6,0,/top-app,1555,2188,864,1.9,15.5,9.7,8.7,0.0,21.3,0.0,0.0,12.6,1.9,34.9,88.1,1.9,18.4,2.9,14.1,34.5,36.1,20.2,0.0,14.6,0.4,0.1,17.5,8.4,109.3,153.2,4.0,15.5,5.8
32,6.2,转向,NAVIGATING,0.0,0.59,0,/top-app,1017,2188,864,3.9,14.5,8.7,7.7,1.0,7.7,0.0,0.0,9.7,1.9,18.4,38.6,1.0,17.4,2.9,15.8,41.4,42.5,35.7,0.3,2.1,0.1,0.0,17.3,10.3,58.5,118.6,4.0,18.6,5.5
32,7.2,转向,NAVIGATING,0.0,0.12,0,/top-app,1017,2188,864,2.9,15.4,9.6,6.7,0.0,19.3,0.0,0.0,11.6,1.9,1.0,46.2,2.9,19.3,1.9,20.5,59.1,48.8,33.0,0.0,26.1,0.1,0.0,22.4,11.2,5.0,100.7,6.3,31.9,5.9
32,8.3,静止,NAVIGATING,0.0,0.02,0,/top-app,1017,2188,864,2.9,17.3,10.6,8.7,0.0,8.7,1.0,0.0,12.5,1.9,2.9,18.3,1.9,19.3,1.9,12.9,56.4,45.2,34.3,0.1,6.1,0.1,0.0,28.2,9.7,10.0,97.5,3.8,26.2,6.6
32,9.3,静止,NAVIGATING,0.03,0.03,0,/top-app,1017,2054,864,2.9,15.4,9.6,7.7,0.0,18.3,0.0,0.0,10.6,1.9,1.9,41.4,1.0,19.3,2.9,14.1,62.6,49.1,28.2,0.3,25.3,0.3,0.0,33.5,10.2,3.1,94.3,4.7,28.1,4.8
32,10.3,直行,NAVIGATING,0.58,0.03,0,/top-app,1017,2188,864,2.9,15.4,10.6,10.6,0.0,8.7,0.0,0.0,12.5,1.9,2.9,16.4,1.9,18.3,1.9,13.8,74.2,54.3,45.4,0.1,5.3,0.1,0.0,28.1,11.9,19.0,95.4,6.8,24.0,9.3
32,11.4,直行,NAVIGATING,0.6,0.01,0,/top-app,1228,1651,864,2.9,15.4,8.7,8.7,0.0,17.4,0.0,0.0,10.6,1.9,28.0,79.1,1.0,18.3,2.9,11.8,57.2,37.8,39.3,0.1,19.3,0.1,0.1,17.5,7.0,38.3,125.1,4.5,17.5,4.0
32,12.4,直行,NAVIGATING,0.6,0.0,0,/top-app,1555,2188,864,2.9,16.4,10.6,9.7,0.0,8.7,0.0,0.0,12.6,1.9,21.2,55.0,1.9,18.3,1.9,14.0,43.0,45.4,35.4,0.4,3.0,0.3,0.0,23.7,7.5,79.8,99.2,3.8,11.7,3.1
32,13.4,直行,NAVIGATING,0.6,0.0,0,/top-app,1017,2188,864,2.9,14.4,9.6,8.7,0.0,18.3,1.0,0.0,10.6,1.9,1.0,39.5,1.9,18.3,2.9,13.0,56.1,48.3,40.1,0.0,39.5,0.0,0.0,29.3,9.1,2.5,82.0,7.4,25.6,4.9
32,14.5,直行,NAVIGATING,0.6,0.01,0,/top-app,1017,2323,864,2.9,16.6,9.8,10.7,0.0,8.8,0.0,0.0,11.7,2.9,2.9,21.5,2.0,20.5,2.9,17.3,61.2,34.0,54.5,0.0,6.5,0.5,0.0,20.3,7.5,18.1,130.5,5.4,28.3,4.9
32,15.5,直行,NAVIGATING,0.6,0.0,0,/top-app,1017,1920,864,1.9,11.7,8.7,8.7,1.0,16.5,0.0,0.0,8.7,1.0,1.0,35.0,1.0,15.6,1.0,11.4,55.6,54.4,27.4,1.0,30.5,0.1,0.0,29.3,9.4,4.5,106.1,4.6,35.0,6.4
32,16.5,直行,NAVIGATING,0.58,0.38,0,/top-app,1017,2323,864,2.9,17.3,9.6,9.6,0.0,8.7,0.0,0.0,12.5,2.9,3.8,18.3,1.9,19.2,2.9,11.7,64.4,41.4,38.9,0.2,5.7,0.1,0.0,25.7,11.1,9.0,93.6,4.4,56.9,9.0
32,17.6,直行,NAVIGATING,0.6,0.56,0,/top-app,1344,2323,864,2.9,13.6,8.7,8.7,0.0,17.5,0.0,0.0,10.7,1.0,23.3,71.9,1.0,17.5,1.9,9.0,64.8,37.9,36.3,0.2,32.6,0.2,0.0,26.5,10.0,48.2,101.6,2.8,32.9,5.8
32,18.6,直行,NAVIGATING,0.6,0.54,0,/top-app,1017,2323,864,2.9,15.6,9.8,8.8,0.0,6.8,1.0,1.0,11.7,2.0,21.5,55.6,1.0,20.5,2.9,10.9,56.3,37.8,24.0,0.4,7.6,0.6,0.1,32.1,9.3,104.9,118.7,4.8,32.6,6.5
32,19.6,直行,NAVIGATING,0.6,0.11,0,/top-app,1017,2323,864,2.9,16.6,10.8,10.8,0.0,24.4,0.0,0.0,12.7,2.0,2.0,46.9,2.0,20.5,2.0,10.5,56.0,39.6,33.4,0.1,24.4,0.0,0.0,21.2,9.5,1.2,80.1,3.9,26.6,5.9
32,20.6,直行,NAVIGATING,0.6,0.03,0,/top-app,1113,2323,864,2.9,15.7,9.8,8.8,0.0,7.8,1.0,0.0,10.8,2.9,3.9,21.6,2.0,19.6,2.9,15.4,63.1,54.4,36.5,0.2,5.4,0.1,0.0,27.3,10.7,14.8,93.6,7.4,35.8,4.6
32,21.7,直行,NAVIGATING,0.6,0.01,0,/top-app,1017,2323,2592,2.9,16.6,10.8,9.8,0.0,21.5,0.0,0.0,11.7,1.0,1.0,44.0,2.0,18.6,2.0,15.6,53.3,44.5,36.8,0.8,30.5,0.7,0.2,24.9,12.6,4.8,103.8,6.0,35.5,8.6
32,22.7,直行,NAVIGATING,0.6,0.0,0,/top-app,1017,2323,2592,2.9,16.6,9.8,8.8,0.0,9.8,0.0,0.0,12.7,2.0,3.9,25.4,2.0,21.5,2.9,22.1,78.7,57.7,33.0,0.3,14.9,0.3,0.0,32.4,12.0,11.4,97.9,5.3,34.2,4.8
32,23.7,直行,NAVIGATING,0.6,0.0,0,/top-app,1113,2323,864,3.9,14.7,10.8,8.8,0.0,20.6,0.0,0.0,10.8,2.0,20.6,65.7,1.0,18.6,2.0,11.3,56.2,47.3,34.0,0.1,27.2,0.1,0.0,29.4,11.3,27.8,105.1,5.6,37.9,5.8
32,24.7,直行,NAVIGATING,0.36,0.0,0,/top-app,1017,2323,864,2.0,15.7,8.8,8.8,1.0,10.8,0.0,0.0,11.8,2.9,31.4,70.6,2.0,18.6,2.9,10.2,43.8,35.0,28.4,0.9,9.1,0.6,0.1,20.1,8.0,110.3,134.7,3.7,18.2,4.3
32,25.8,静止,NAVIGATING,0.0,0.0,0,/top-app,1017,2323,864,3.9,16.5,9.7,7.8,0.0,15.5,0.0,0.0,12.6,1.0,2.9,38.8,1.0,17.4,2.9,17.3,58.4,51.6,34.6,0.2,20.7,0.2,0.1,22.7,12.0,15.3,108.6,5.8,22.1,5.2
32,26.8,进站,NAVIGATING,0.2,0.01,0,/top-app,1017,2323,864,2.0,15.7,9.8,10.8,0.0,12.8,0.0,0.0,10.8,2.9,2.9,25.5,2.9,20.6,2.0,15.8,57.7,51.0,31.5,0.6,15.4,0.1,0.0,24.1,10.8,25.2,94.5,4.4,25.4,4.8
32,27.8,进站,NAVIGATING,0.2,0.0,0,/top-app,1017,2323,864,2.9,16.4,9.7,7.7,0.0,14.5,0.0,0.0,11.6,1.9,1.9,33.8,1.0,20.3,1.9,14.8,70.4,52.3,34.2,0.9,22.3,0.5,0.2,28.6,13.8,4.6,118.4,4.0,49.2,5.9
32,28.8,进站,NAVIGATING,0.11,0.0,0,/top-app,1017,2188,864,3.9,16.4,10.6,8.7,0.0,14.5,0.0,0.0,12.5,1.9,3.9,33.8,1.9,18.3,2.9,15.1,82.6,53.2,31.4,0.2,17.8,0.3,0.1,28.5,16.6,28.5,137.9,6.9,31.7,6.0
32,29.9,进站,NAVIGATING,0.02,0.0,0,/top-app,1017,2323,864,2.9,15.4,9.6,7.7,0.0,15.4,0.0,0.0,11.6,1.0,11.6,47.2,1.0,18.3,1.9,12.9,59.5,40.4,27.8,1.0,17.7,0.0,0.0,29.1,8.4,15.8,126.0,4.2,28.5,6.2
32,30.9,静止,NAVIGATING,0.01,0.0,0,/top-app,1344,2323,864,1.9,14.5,8.7,6.8,0.0,16.5,0.0,0.0,10.6,1.9,34.9,87.1,1.9,17.4,2.9,10.6,59.8,31.5,20.0,0.3,17.4,0.1,0.0,31.7,8.7,121.6,158.1,3.9,35.4,3.2
32,31.9,静止,NAVIGATING,0.0,0.0,0,/top-app,1017,2323,864,3.9,18.3,11.6,9.7,0.0,8.7,1.0,0.0,12.6,2.9,4.8,26.1,1.9,20.3,1.9,15.2,57.3,55.2,34.0,0.1,5.0,0.8,0.2,26.8,12.1,7.6,92.9,6.1,25.1,6.1
32,33.0,静止,ARRIVED,0.0,0.0,0,/top-app,1017,2323,864,2.9,11.6,4.8,8.7,1.0,16.4,0.0,0.0,11.6,1.9,3.9,35.7,1.9,17.3,1.9,19.4,50.2,0.0,0.0,0.7,20.0,0.1,0.1,29.1,13.1,15.1,97.5,6.0,18.6,1.4
